Image,Name,Code,Brand,Category,Quantity,Unit,Price,Cost
https://globalbloodbanking.ml/ware/public/images/product/zummXD2dvAtI.png,"Pears and quinces, fresh",AA0254,N/A,02_meat_and_edible_meat_offal,50,piece,15731.00659,1
https://globalbloodbanking.ml/ware/public/images/product/zummXD2dvAtI.png,"Poultry cuts &amp; offal, except livers, fresh or chilled",AA0001,N/A,02_meat_and_edible_meat_offal,50,piece,4840.697837,1
https://globalbloodbanking.ml/ware/public/images/product/zummXD2dvAtI.png,"Raspberry, blackberry, mulberry and loganberry, fresh",AA0265,N/A,02_meat_and_edible_meat_offal,50,piece,8890.128244,1
https://globalbloodbanking.ml/ware/public/images/product/zummXD2dvAtI.png,"Swine carcasses and half carcasses, fresh or chilled",AA0012,N/A,02_meat_and_edible_meat_offal,50,piece,10891.57013,1
https://globalbloodbanking.ml/ware/public/images/product/zummXD2dvAtI.png,"Hazelnuts and filberts, fresh or dried, shelled",AA0276,N/A,02_meat_and_edible_meat_offal,50,piece,1204.23036,1
https://globalbloodbanking.ml/ware/public/images/product/zummXD2dvAtI.png,"Lamb carcasses and half carcasses, fresh or chilled",AA0023,N/A,02_meat_and_edible_meat_offal,50,piece,2833.579222,1
https://globalbloodbanking.ml/ware/public/images/product/zummXD2dvAtI.png,"Apricots, dried",AA0287,N/A,02_meat_and_edible_meat_offal,50,piece,3295.788353,1
https://globalbloodbanking.ml/ware/public/images/product/zummXD2dvAtI.png,"Fowl cuts &amp; offal, domestic, except livers, frozen",AA0034,N/A,02_meat_and_edible_meat_offal,50,piece,13314.29071,1
https://globalbloodbanking.ml/ware/public/images/product/zummXD2dvAtI.png,"Strawberries, (uncooked steamed or boiled), frozen",AA0298,N/A,02_meat_and_edible_meat_offal,50,piece,7288.762704,1
https://globalbloodbanking.ml/ware/public/images/product/zummXD2dvAtI.png,"Swine carcasses and half carcasses, frozen",AA0045,N/A,02_meat_and_edible_meat_offal,50,piece,289.3523253,1
https://globalbloodbanking.ml/ware/public/images/product/zummXD2dvAtI.png,"Fennel seeds, juniper berries",AA0309,N/A,02_meat_and_edible_meat_offal,50,piece,7478.90434,1
https://globalbloodbanking.ml/ware/public/images/product/zummXD2dvAtI.png,"Salmonidae, not trout or salmon,fresh or chilled whol",AA0056,N/A,02_meat_and_edible_meat_offal,50,piece,723.3808133,1
https://globalbloodbanking.ml/ware/public/images/product/zummXD2dvAtI.png,"Coffee, roasted, not decaffeinated",AA0320,N/A,02_meat_and_edible_meat_offal,50,piece,13563.43668,1
https://globalbloodbanking.ml/ware/public/images/product/zummXD2dvAtI.png,"Plaice, frozen, whole",AA0067,N/A,02_meat_and_edible_meat_offal,50,piece,868.056976,1
https://globalbloodbanking.ml/ware/public/images/product/zummXD2dvAtI.png,Cardamoms,AA0331,N/A,02_meat_and_edible_meat_offal,50,piece,5387.346347,1
https://globalbloodbanking.ml/ware/public/images/product/zummXD2dvAtI.png,Oysters,AA0078,N/A,02_meat_and_edible_meat_offal,50,piece,23374.80093,1
https://globalbloodbanking.ml/ware/public/images/product/zummXD2dvAtI.png,Rye,AA0342,N/A,02_meat_and_edible_meat_offal,50,piece,20712.5868,1
https://globalbloodbanking.ml/ware/public/images/product/zummXD2dvAtI.png,"Fish nes, salted or in brine, not dried or smoked",AA0089,N/A,02_meat_and_edible_meat_offal,50,piece,5840.506118,1
https://globalbloodbanking.ml/ware/public/images/product/zummXD2dvAtI.png,"Starches except wheat, maize, potato, manioc",AA0353,N/A,02_meat_and_edible_meat_offal,50,piece,19340.37793,1
https://globalbloodbanking.ml/ware/public/images/product/zummXD2dvAtI.png,"Crabs, frozen",AA0100,N/A,02_meat_and_edible_meat_offal,50,piece,2742.498525,1
https://globalbloodbanking.ml/ware/public/images/product/zummXD2dvAtI.png,"Potato flakes, granules and pellets",AA0364,N/A,02_meat_and_edible_meat_offal,50,piece,4660.33203,1
https://globalbloodbanking.ml/ware/public/images/product/zummXD2dvAtI.png,"Carp, live",AA0111,N/A,02_meat_and_edible_meat_offal,50,piece,1828.33235,1
https://globalbloodbanking.ml/ware/public/images/product/zummXD2dvAtI.png,Wheat pellets,AA0375,N/A,02_meat_and_edible_meat_offal,50,piece,1033.219365,1
https://globalbloodbanking.ml/ware/public/images/product/zummXD2dvAtI.png,"Sole, frozen, whole",AA0122,N/A,02_meat_and_edible_meat_offal,50,piece,569.0730858,1
https://globalbloodbanking.ml/ware/public/images/product/zummXD2dvAtI.png,Vegetable products nes for human consumption,AA0386,N/A,02_meat_and_edible_meat_offal,50,piece,975.8182896,1
https://globalbloodbanking.ml/ware/public/images/product/zummXD2dvAtI.png,"Tunas(albacore,longfin), frozen, whole",AA0133,N/A,02_meat_and_edible_meat_offal,50,piece,19775.28973,1
https://globalbloodbanking.ml/ware/public/images/product/zummXD2dvAtI.png,Ginseng roots,AA0397,N/A,02_meat_and_edible_meat_offal,50,piece,4821.690372,1
https://globalbloodbanking.ml/ware/public/images/product/zummXD2dvAtI.png,Milk and cream powder sweetened &lt; 1.5% fat,AA0144,N/A,02_meat_and_edible_meat_offal,50,piece,11239.19344,1
https://globalbloodbanking.ml/ware/public/images/product/zummXD2dvAtI.png,Cotton seeds,AA0408,N/A,02_meat_and_edible_meat_offal,50,piece,797.2371647,1
https://globalbloodbanking.ml/ware/public/images/product/zummXD2dvAtI.png,Milk and cream powder unsweetened &lt; 1.5% fat,AA0155,N/A,02_meat_and_edible_meat_offal,50,piece,13800.02233,1
https://globalbloodbanking.ml/ware/public/images/product/zummXD2dvAtI.png,Sugar cane,AA0419,N/A,02_meat_and_edible_meat_offal,50,piece,2783.952179,1
https://globalbloodbanking.ml/ware/public/images/product/zummXD2dvAtI.png,"Whalebone, horns, etc unworked or simply prepared nes",AA0166,N/A,02_meat_and_edible_meat_offal,50,piece,18779.41183,1
https://globalbloodbanking.ml/ware/public/images/product/zummXD2dvAtI.png,"Sponges, natural, of animal origin",AA0177,N/A,02_meat_and_edible_meat_offal,50,piece,486.2049413,1
https://globalbloodbanking.ml/ware/public/images/product/zummXD2dvAtI.png,Roses,AA0188,N/A,02_meat_and_edible_meat_offal,50,piece,1753.333212,1
https://globalbloodbanking.ml/ware/public/images/product/zummXD2dvAtI.png,Vegetables nes and mixtures provisionally preserved,AA0199,N/A,02_meat_and_edible_meat_offal,50,piece,5799.486778,1
https://globalbloodbanking.ml/ware/public/images/product/zummXD2dvAtI.png,"Chickpeas, dried, shelled",AA0210,N/A,02_meat_and_edible_meat_offal,50,piece,6608.717491,1
https://globalbloodbanking.ml/ware/public/images/product/zummXD2dvAtI.png,Spinach fresh or chilled,AA0221,N/A,02_meat_and_edible_meat_offal,50,piece,6629.926148,1
https://globalbloodbanking.ml/ware/public/images/product/zummXD2dvAtI.png,"Peppers (Capsicum, Pimenta) fresh or chilled",AA0232,N/A,02_meat_and_edible_meat_offal,50,piece,2712.242515,1
https://globalbloodbanking.ml/ware/public/images/product/zummXD2dvAtI.png,"Edible brassicas nes, fresh or chilled",AA0243,N/A,02_meat_and_edible_meat_offal,50,piece,5966.933533,1
https://globalbloodbanking.ml/ware/public/images/product/zummXD2dvAtI.png,"Lemons and limes, fresh or dried",AA0255,N/A,03_fish_crustaceans_molluscs_aquatic_invertebrates_ne,50,piece,904.0808384,1
https://globalbloodbanking.ml/ware/public/images/product/zummXD2dvAtI.png,"Swine meat, salted/dried/smoked not ham/shoulder/bell",AA0002,N/A,03_fish_crustaceans_molluscs_aquatic_invertebrates_ne,50,piece,3069.710823,1
https://globalbloodbanking.ml/ware/public/images/product/zummXD2dvAtI.png,"Prunes, dried",AA0266,N/A,03_fish_crustaceans_molluscs_aquatic_invertebrates_ne,50,piece,14324.00323,1
https://globalbloodbanking.ml/ware/public/images/product/zummXD2dvAtI.png,"Bovine cuts boneless, fresh or chilled",AA0013,N/A,03_fish_crustaceans_molluscs_aquatic_invertebrates_ne,50,piece,7792.342859,1
https://globalbloodbanking.ml/ware/public/images/product/zummXD2dvAtI.png,"Pistachios, fresh or dried",AA0277,N/A,03_fish_crustaceans_molluscs_aquatic_invertebrates_ne,50,piece,12612.72851,1
https://globalbloodbanking.ml/ware/public/images/product/zummXD2dvAtI.png,"Swine cuts, fresh or chilled, nes",AA0024,N/A,03_fish_crustaceans_molluscs_aquatic_invertebrates_ne,50,piece,9917.527276,1
https://globalbloodbanking.ml/ware/public/images/product/zummXD2dvAtI.png,"Pineapples, fresh or dried",AA0288,N/A,03_fish_crustaceans_molluscs_aquatic_invertebrates_ne,50,piece,2915.505082,1
https://globalbloodbanking.ml/ware/public/images/product/zummXD2dvAtI.png,"Bellies (streaky) of swine, salted, dried or smoked",AA0035,N/A,03_fish_crustaceans_molluscs_aquatic_invertebrates_ne,50,piece,747.9938602,1
https://globalbloodbanking.ml/ware/public/images/product/zummXD2dvAtI.png,"Apples, dried",AA0299,N/A,03_fish_crustaceans_molluscs_aquatic_invertebrates_ne,50,piece,2154.938539,1
https://globalbloodbanking.ml/ware/public/images/product/zummXD2dvAtI.png,"Sheep carcasses and half carcasses, frozen",AA0046,N/A,03_fish_crustaceans_molluscs_aquatic_invertebrates_ne,50,piece,5208.341856,1
https://globalbloodbanking.ml/ware/public/images/product/zummXD2dvAtI.png,Mixtures of spices,AA0310,N/A,03_fish_crustaceans_molluscs_aquatic_invertebrates_ne,50,piece,13690.19777,1
https://globalbloodbanking.ml/ware/public/images/product/zummXD2dvAtI.png,"Flatfish, fresh/chilled not halibut/plaice/sole, whol",AA0057,N/A,03_fish_crustaceans_molluscs_aquatic_invertebrates_ne,50,piece,4412.622961,1
https://globalbloodbanking.ml/ware/public/images/product/zummXD2dvAtI.png,Coffee substitutes containing coffee,AA0321,N/A,03_fish_crustaceans_molluscs_aquatic_invertebrates_ne,50,piece,10521.17051,1
https://globalbloodbanking.ml/ware/public/images/product/zummXD2dvAtI.png,"Sea bass, frozen, whole",AA0068,N/A,03_fish_crustaceans_molluscs_aquatic_invertebrates_ne,50,piece,1374.423545,1
https://globalbloodbanking.ml/ware/public/images/product/zummXD2dvAtI.png,Coffee husks and skins,AA0332,N/A,03_fish_crustaceans_molluscs_aquatic_invertebrates_ne,50,piece,5197.204711,1
https://globalbloodbanking.ml/ware/public/images/product/zummXD2dvAtI.png,"Octopus, live, fresh or chilled",AA0079,N/A,03_fish_crustaceans_molluscs_aquatic_invertebrates_ne,50,piece,1651.480501,1
https://globalbloodbanking.ml/ware/public/images/product/zummXD2dvAtI.png,Canary seed,AA0343,N/A,03_fish_crustaceans_molluscs_aquatic_invertebrates_ne,50,piece,18641.32812,1
https://globalbloodbanking.ml/ware/public/images/product/zummXD2dvAtI.png,"Crabs, not frozen",AA0090,N/A,03_fish_crustaceans_molluscs_aquatic_invertebrates_ne,50,piece,1485.520034,1
https://globalbloodbanking.ml/ware/public/images/product/zummXD2dvAtI.png,Maize (corn) flour,AA0354,N/A,03_fish_crustaceans_molluscs_aquatic_invertebrates_ne,50,piece,1294.536675,1
https://globalbloodbanking.ml/ware/public/images/product/zummXD2dvAtI.png,Rock lobster and other sea crawfish not frozen,AA0101,N/A,03_fish_crustaceans_molluscs_aquatic_invertebrates_ne,50,piece,3047.220583,1
https://globalbloodbanking.ml/ware/public/images/product/zummXD2dvAtI.png,Maize (corn) groats or meal,AA0365,N/A,03_fish_crustaceans_molluscs_aquatic_invertebrates_ne,50,piece,5178.1467,1
https://globalbloodbanking.ml/ware/public/images/product/zummXD2dvAtI.png,"Fish nes, fresh or chilled, whole",AA0112,N/A,03_fish_crustaceans_molluscs_aquatic_invertebrates_ne,50,piece,13712.49263,1
https://globalbloodbanking.ml/ware/public/images/product/zummXD2dvAtI.png,"Malt, not roasted",AA0376,N/A,03_fish_crustaceans_molluscs_aquatic_invertebrates_ne,50,piece,1148.021517,1
https://globalbloodbanking.ml/ware/public/images/product/zummXD2dvAtI.png,Smoked fish &amp; fillets other than herrings or salmon,AA0123,N/A,03_fish_crustaceans_molluscs_aquatic_invertebrates_ne,50,piece,29022.72737,1
https://globalbloodbanking.ml/ware/public/images/product/zummXD2dvAtI.png,Sesamum seeds,AA0387,N/A,03_fish_crustaceans_molluscs_aquatic_invertebrates_ne,50,piece,3042.25702,1
https://globalbloodbanking.ml/ware/public/images/product/zummXD2dvAtI.png,"Skipjack,stripe-bellied bonito, frozen, whole",AA0134,N/A,03_fish_crustaceans_molluscs_aquatic_invertebrates_ne,50,piece,6828.877029,1
https://globalbloodbanking.ml/ware/public/images/product/zummXD2dvAtI.png,"Flour or meal of oil seed, fruit, except mustard, soy",AA0398,N/A,03_fish_crustaceans_molluscs_aquatic_invertebrates_ne,50,piece,5357.433747,1
https://globalbloodbanking.ml/ware/public/images/product/zummXD2dvAtI.png,Natural milk products nes,AA0145,N/A,03_fish_crustaceans_molluscs_aquatic_invertebrates_ne,50,piece,2703.097157,1
https://globalbloodbanking.ml/ware/public/images/product/zummXD2dvAtI.png,Castor oil seeds,AA0409,N/A,03_fish_crustaceans_molluscs_aquatic_invertebrates_ne,50,piece,5166.096827,1
https://globalbloodbanking.ml/ware/public/images/product/zummXD2dvAtI.png,"Cheese, blue-veined",AA0156,N/A,03_fish_crustaceans_molluscs_aquatic_invertebrates_ne,50,piece,13657.75406,1
https://globalbloodbanking.ml/ware/public/images/product/zummXD2dvAtI.png,Copra,AA0420,N/A,03_fish_crustaceans_molluscs_aquatic_invertebrates_ne,50,piece,3093.280199,1
https://globalbloodbanking.ml/ware/public/images/product/zummXD2dvAtI.png,Animal products and domestic animal carcass (non-food,AA0167,N/A,03_fish_crustaceans_molluscs_aquatic_invertebrates_ne,50,piece,891.3757257,1
https://globalbloodbanking.ml/ware/public/images/product/zummXD2dvAtI.png,Bones and horn-cores unworked or simply worked nes,AA0178,N/A,03_fish_crustaceans_molluscs_aquatic_invertebrates_ne,50,piece,648.2732551,1
https://globalbloodbanking.ml/ware/public/images/product/zummXD2dvAtI.png,"Cuttings and slips, not rooted",AA0189,N/A,03_fish_crustaceans_molluscs_aquatic_invertebrates_ne,50,piece,944.1024988,1
https://globalbloodbanking.ml/ware/public/images/product/zummXD2dvAtI.png,"Legumes, except peas and beans, frozen",AA0200,N/A,03_fish_crustaceans_molluscs_aquatic_invertebrates_ne,50,piece,2157.948569,1
https://globalbloodbanking.ml/ware/public/images/product/zummXD2dvAtI.png,"Leguminous vegetables dried, shelled",AA0211,N/A,03_fish_crustaceans_molluscs_aquatic_invertebrates_ne,50,piece,301.3602795,1
https://globalbloodbanking.ml/ware/public/images/product/zummXD2dvAtI.png,"Peas, frozen, uncooked steamed or boiled",AA0222,N/A,03_fish_crustaceans_molluscs_aquatic_invertebrates_ne,50,piece,7534.006987,1
https://globalbloodbanking.ml/ware/public/images/product/zummXD2dvAtI.png,"Arrowroot, salep, etc fresh or dried and sago pith",AA0233,N/A,03_fish_crustaceans_molluscs_aquatic_invertebrates_ne,50,piece,6577.188099,1
https://globalbloodbanking.ml/ware/public/images/product/zummXD2dvAtI.png,"Tomatoes, fresh or chilled",AA0244,N/A,03_fish_crustaceans_molluscs_aquatic_invertebrates_ne,50,piece,678.0606288,1
https://globalbloodbanking.ml/ware/public/images/product/zummXD2dvAtI.png,"Grapes, fresh",AA0256,N/A,04_dairy_products_eggs_honey_edible_animal_product_nes,50,piece,11459.22463,1
https://globalbloodbanking.ml/ware/public/images/product/zummXD2dvAtI.png,"Fowls, domestic, whole, frozen",AA0003,N/A,04_dairy_products_eggs_honey_edible_animal_product_nes,50,piece,1475.822511,1
https://globalbloodbanking.ml/ware/public/images/product/zummXD2dvAtI.png,"Oranges, fresh or dried",AA0267,N/A,04_dairy_products_eggs_honey_edible_animal_product_nes,50,piece,1964.796903,1
https://globalbloodbanking.ml/ware/public/images/product/zummXD2dvAtI.png,"Turkey cuts &amp; offal, except livers, frozen",AA0014,N/A,04_dairy_products_eggs_honey_edible_animal_product_nes,50,piece,2892.612122,1
https://globalbloodbanking.ml/ware/public/images/product/zummXD2dvAtI.png,"Bananas, including plantains, fresh or dried",AA0278,N/A,04_dairy_products_eggs_honey_edible_animal_product_nes,50,piece,823.9470883,1
https://globalbloodbanking.ml/ware/public/images/product/zummXD2dvAtI.png,"Hams and shoulders, swine, salted, dried or smoked",AA0025,N/A,04_dairy_products_eggs_honey_edible_animal_product_nes,50,piece,5194.89524,1
https://globalbloodbanking.ml/ware/public/images/product/zummXD2dvAtI.png,"Cashew nuts, fresh or dried",AA0289,N/A,04_dairy_products_eggs_honey_edible_animal_product_nes,50,piece,5957.771254,1
https://globalbloodbanking.ml/ware/public/images/product/zummXD2dvAtI.png,"Sheep cuts, bone in, frozen",AA0036,N/A,04_dairy_products_eggs_honey_edible_animal_product_nes,50,piece,4487.963161,1
https://globalbloodbanking.ml/ware/public/images/product/zummXD2dvAtI.png,Saffron,AA0300,N/A,04_dairy_products_eggs_honey_edible_animal_product_nes,50,piece,11852.16196,1
https://globalbloodbanking.ml/ware/public/images/product/zummXD2dvAtI.png,"Swine hams, shoulders &amp; cuts bone in, fresh or chille",AA0047,N/A,04_dairy_products_eggs_honey_edible_animal_product_nes,50,piece,2242.480521,1
https://globalbloodbanking.ml/ware/public/images/product/zummXD2dvAtI.png,"Coffee, not roasted, not decaffeinated",AA0311,N/A,04_dairy_products_eggs_honey_edible_animal_product_nes,50,piece,14704.2865,1
https://globalbloodbanking.ml/ware/public/images/product/zummXD2dvAtI.png,"Cod, fresh or chilled, whole",AA0058,N/A,04_dairy_products_eggs_honey_edible_animal_product_nes,50,piece,4195.608717,1
https://globalbloodbanking.ml/ware/public/images/product/zummXD2dvAtI.png,Ginger,AA0322,N/A,04_dairy_products_eggs_honey_edible_animal_product_nes,50,piece,6908.479433,1
https://globalbloodbanking.ml/ware/public/images/product/zummXD2dvAtI.png,"Cuttle fish, squid, live, fresh or chilled",AA0069,N/A,04_dairy_products_eggs_honey_edible_animal_product_nes,50,piece,12442.14999,1
https://globalbloodbanking.ml/ware/public/images/product/zummXD2dvAtI.png,Maize except seed corn,AA0333,N/A,04_dairy_products_eggs_honey_edible_animal_product_nes,50,piece,3061.25516,1
https://globalbloodbanking.ml/ware/public/images/product/zummXD2dvAtI.png,"Ornamental fish, live",AA0080,N/A,04_dairy_products_eggs_honey_edible_animal_product_nes,50,piece,457.0830875,1
https://globalbloodbanking.ml/ware/public/images/product/zummXD2dvAtI.png,Grain sorghum,AA0344,N/A,04_dairy_products_eggs_honey_edible_animal_product_nes,50,piece,7119.951713,1
https://globalbloodbanking.ml/ware/public/images/product/zummXD2dvAtI.png,"Trout, frozen, whole",AA0091,N/A,04_dairy_products_eggs_honey_edible_animal_product_nes,50,piece,1650.577816,1
https://globalbloodbanking.ml/ware/public/images/product/zummXD2dvAtI.png,Potato starch,AA0355,N/A,04_dairy_products_eggs_honey_edible_animal_product_nes,50,piece,1165.083008,1
https://globalbloodbanking.ml/ware/public/images/product/zummXD2dvAtI.png,"Lobsters (Homarus), not frozen",AA0102,N/A,04_dairy_products_eggs_honey_edible_animal_product_nes,50,piece,5459.603545,1
https://globalbloodbanking.ml/ware/public/images/product/zummXD2dvAtI.png,"Germ of cereals, whole, rolled, flaked or ground",AA0366,N/A,04_dairy_products_eggs_honey_edible_animal_product_nes,50,piece,24855.10416,1
https://globalbloodbanking.ml/ware/public/images/product/zummXD2dvAtI.png,"Anchovies, salted or in brine, not dried or smoked",AA0113,N/A,04_dairy_products_eggs_honey_edible_animal_product_nes,50,piece,12341.24336,1
https://globalbloodbanking.ml/ware/public/images/product/zummXD2dvAtI.png,"Barley, rolled or flaked grains",AA0377,N/A,04_dairy_products_eggs_honey_edible_animal_product_nes,50,piece,459.2086068,1
https://globalbloodbanking.ml/ware/public/images/product/zummXD2dvAtI.png,"Dried fish, other than cod, not smoked",AA0124,N/A,04_dairy_products_eggs_honey_edible_animal_product_nes,50,piece,20486.63109,1
https://globalbloodbanking.ml/ware/public/images/product/zummXD2dvAtI.png,"Seed, lucerne (alfalfa), for sowing",AA0388,N/A,04_dairy_products_eggs_honey_edible_animal_product_nes,50,piece,6122.781425,1
https://globalbloodbanking.ml/ware/public/images/product/zummXD2dvAtI.png,"Coalfish, frozen, whole",AA0135,N/A,04_dairy_products_eggs_honey_edible_animal_product_nes,50,piece,18494.87529,1
https://globalbloodbanking.ml/ware/public/images/product/zummXD2dvAtI.png,"Seed, beet, except sugar, for sowing",AA0399,N/A,04_dairy_products_eggs_honey_edible_animal_product_nes,50,piece,2267.342496,1
https://globalbloodbanking.ml/ware/public/images/product/zummXD2dvAtI.png,"Cheese processed, not grated or powdered",AA0146,N/A,04_dairy_products_eggs_honey_edible_animal_product_nes,50,piece,24470.14269,1
https://globalbloodbanking.ml/ware/public/images/product/zummXD2dvAtI.png,Soya beans,AA0410,N/A,04_dairy_products_eggs_honey_edible_animal_product_nes,50,piece,6633.01321,1
https://globalbloodbanking.ml/ware/public/images/product/zummXD2dvAtI.png,Edible products of animal origin nes,AA0157,N/A,04_dairy_products_eggs_honey_edible_animal_product_nes,50,piece,15934.0464,1
https://globalbloodbanking.ml/ware/public/images/product/zummXD2dvAtI.png,Sugar beet,AA0421,N/A,04_dairy_products_eggs_honey_edible_animal_product_nes,50,piece,4936.492524,1
https://globalbloodbanking.ml/ware/public/images/product/zummXD2dvAtI.png,"Coral,seashell,cuttle bone,etc, unworked,powder,waste",AA0168,N/A,04_dairy_products_eggs_honey_edible_animal_product_nes,50,piece,1377.580667,1
https://globalbloodbanking.ml/ware/public/images/product/zummXD2dvAtI.png,"Ambergris, civet, musk, etc for pharmaceutical use",AA0179,N/A,04_dairy_products_eggs_honey_edible_animal_product_nes,50,piece,4051.707844,1
https://globalbloodbanking.ml/ware/public/images/product/zummXD2dvAtI.png,Rhododendrons and azaleas,AA0190,N/A,04_dairy_products_eggs_honey_edible_animal_product_nes,50,piece,22388.7164,1
https://globalbloodbanking.ml/ware/public/images/product/zummXD2dvAtI.png,"Vegetables nes &amp; mixtures, dried, not further prepare",AA0201,N/A,04_dairy_products_eggs_honey_edible_animal_product_nes,50,piece,8092.307132,1
https://globalbloodbanking.ml/ware/public/images/product/zummXD2dvAtI.png,"Cauliflowers and headed broccoli, fresh or chilled",AA0212,N/A,04_dairy_products_eggs_honey_edible_animal_product_nes,50,piece,14540.63348,1
https://globalbloodbanking.ml/ware/public/images/product/zummXD2dvAtI.png,"Legumes except peas &amp; beans, fresh or chilled",AA0223,N/A,04_dairy_products_eggs_honey_edible_animal_product_nes,50,piece,4595.744262,1
https://globalbloodbanking.ml/ware/public/images/product/zummXD2dvAtI.png,"Potatoes, frozen, uncooked steamed or boiled",AA0234,N/A,04_dairy_products_eggs_honey_edible_animal_product_nes,50,piece,5424.48503,1
https://globalbloodbanking.ml/ware/public/images/product/zummXD2dvAtI.png,"Onions, provisionally preserved",AA0245,N/A,04_dairy_products_eggs_honey_edible_animal_product_nes,50,piece,4882.036527,1
https://globalbloodbanking.ml/ware/public/images/product/zummXD2dvAtI.png,"Apricots, fresh",AA0257,N/A,05_products_of_animal_origin_nes,50,piece,1657.481537,1
https://globalbloodbanking.ml/ware/public/images/product/zummXD2dvAtI.png,"Meat and edible offal nes fresh, chilled or frozen",AA0004,N/A,05_products_of_animal_origin_nes,50,piece,7083.948054,1
https://globalbloodbanking.ml/ware/public/images/product/zummXD2dvAtI.png,"Fruits, dried nes",AA0268,N/A,05_products_of_animal_origin_nes,50,piece,3802.832715,1
https://globalbloodbanking.ml/ware/public/images/product/zummXD2dvAtI.png,"Bovine cuts bone in, frozen",AA0015,N/A,05_products_of_animal_origin_nes,50,piece,236.1316018,1
https://globalbloodbanking.ml/ware/public/images/product/zummXD2dvAtI.png,"Walnuts in shell, fresh or dried",AA0279,N/A,05_products_of_animal_origin_nes,50,piece,2345.080174,1
https://globalbloodbanking.ml/ware/public/images/product/zummXD2dvAtI.png,"Goat meat, fresh, chilled or frozen",AA0026,N/A,05_products_of_animal_origin_nes,50,piece,767.4277058,1
https://globalbloodbanking.ml/ware/public/images/product/zummXD2dvAtI.png,Cherries provisionally preserved,AA0290,N/A,05_products_of_animal_origin_nes,50,piece,5007.063075,1
https://globalbloodbanking.ml/ware/public/images/product/zummXD2dvAtI.png,"Sheep cuts, boneless, frozen",AA0037,N/A,05_products_of_animal_origin_nes,50,piece,1795.185264,1
https://globalbloodbanking.ml/ware/public/images/product/zummXD2dvAtI.png,Spices nes,AA0301,N/A,05_products_of_animal_origin_nes,50,piece,4056.354896,1
https://globalbloodbanking.ml/ware/public/images/product/zummXD2dvAtI.png,"Rabbit or hare meat, offal, fresh, chilled or frozen",AA0048,N/A,05_products_of_animal_origin_nes,50,piece,12876.17848,1
https://globalbloodbanking.ml/ware/public/images/product/zummXD2dvAtI.png,Thyme and bay leaves,AA0312,N/A,05_products_of_animal_origin_nes,50,piece,9887.36506,1
https://globalbloodbanking.ml/ware/public/images/product/zummXD2dvAtI.png,"Sardines,brisling,sprats, fresh or chilled, whole",AA0059,N/A,05_products_of_animal_origin_nes,50,piece,14395.27818,1
https://globalbloodbanking.ml/ware/public/images/product/zummXD2dvAtI.png,Vanilla beans,AA0323,N/A,05_products_of_animal_origin_nes,50,piece,2535.22181,1
https://globalbloodbanking.ml/ware/public/images/product/zummXD2dvAtI.png,"Octopus, frozen, dried, salted or in brine",AA0070,N/A,05_products_of_animal_origin_nes,50,piece,4319.256694,1
https://globalbloodbanking.ml/ware/public/images/product/zummXD2dvAtI.png,Maize (corn) seed,AA0334,N/A,05_products_of_animal_origin_nes,50,piece,1201.252025,1
https://globalbloodbanking.ml/ware/public/images/product/zummXD2dvAtI.png,"Eels, live",AA0081,N/A,05_products_of_animal_origin_nes,50,piece,507.8700972,1
https://globalbloodbanking.ml/ware/public/images/product/zummXD2dvAtI.png,Buckwheat,AA0345,N/A,05_products_of_animal_origin_nes,50,piece,6407.956541,1
https://globalbloodbanking.ml/ware/public/images/product/zummXD2dvAtI.png,"Fish fillets, dried, salted or in brine, not smoked",AA0092,N/A,05_products_of_animal_origin_nes,50,piece,13141.13877,1
https://globalbloodbanking.ml/ware/public/images/product/zummXD2dvAtI.png,Cereal pellets except wheat,AA0356,N/A,05_products_of_animal_origin_nes,50,piece,21748.21614,1
https://globalbloodbanking.ml/ware/public/images/product/zummXD2dvAtI.png,"Scallops other than live, fresh or chilled",AA0103,N/A,05_products_of_animal_origin_nes,50,piece,4913.643191,1
https://globalbloodbanking.ml/ware/public/images/product/zummXD2dvAtI.png,Oat groats or meal,AA0367,N/A,05_products_of_animal_origin_nes,50,piece,22369.59374,1
https://globalbloodbanking.ml/ware/public/images/product/zummXD2dvAtI.png,Lobsters (Homarus) frozen,AA0114,N/A,05_products_of_animal_origin_nes,50,piece,10665.27204,1
https://globalbloodbanking.ml/ware/public/images/product/zummXD2dvAtI.png,Rice groats or meal,AA0378,N/A,05_products_of_animal_origin_nes,50,piece,510.2317854,1
https://globalbloodbanking.ml/ware/public/images/product/zummXD2dvAtI.png,"Cod dried, whether or not salted but not smoked",AA0125,N/A,05_products_of_animal_origin_nes,50,piece,995.8779001,1
https://globalbloodbanking.ml/ware/public/images/product/zummXD2dvAtI.png,"Oil seeds and oleaginous fruits, nes",AA0389,N/A,05_products_of_animal_origin_nes,50,piece,1406.326358,1
https://globalbloodbanking.ml/ware/public/images/product/zummXD2dvAtI.png,"Haddock, frozen, whole",AA0136,N/A,05_products_of_animal_origin_nes,50,piece,6544.340486,1
https://globalbloodbanking.ml/ware/public/images/product/zummXD2dvAtI.png,"Cereal straw &amp; husks, unprepared",AA0400,N/A,05_products_of_animal_origin_nes,50,piece,2710.60636,1
https://globalbloodbanking.ml/ware/public/images/product/zummXD2dvAtI.png,Butter and other fats and oils derived from milk,AA0147,N/A,05_products_of_animal_origin_nes,50,piece,8251.559744,1
https://globalbloodbanking.ml/ware/public/images/product/zummXD2dvAtI.png,Mustard seeds,AA0411,N/A,05_products_of_animal_origin_nes,50,piece,3472.765089,1
https://globalbloodbanking.ml/ware/public/images/product/zummXD2dvAtI.png,"Cheese, grated or powdered, of all kinds",AA0158,N/A,05_products_of_animal_origin_nes,50,piece,10385.58382,1
https://globalbloodbanking.ml/ware/public/images/product/zummXD2dvAtI.png,"Seed, Kentucky blue grass, for sowing",AA0422,N/A,05_products_of_animal_origin_nes,50,piece,7015.687049,1
https://globalbloodbanking.ml/ware/public/images/product/zummXD2dvAtI.png,Ossein and bones treated with acid,AA0169,N/A,05_products_of_animal_origin_nes,50,piece,7333.591198,1
https://globalbloodbanking.ml/ware/public/images/product/zummXD2dvAtI.png,"Foliage,branches, for bouquets, etc. - fresh",AA0180,N/A,05_products_of_animal_origin_nes,50,piece,769.8244904,1
https://globalbloodbanking.ml/ware/public/images/product/zummXD2dvAtI.png,"Bulbs, tubers, corms etc in growth, chicory plants",AA0191,N/A,05_products_of_animal_origin_nes,50,piece,539.4871421,1
https://globalbloodbanking.ml/ware/public/images/product/zummXD2dvAtI.png,"Urd,mung,black or green gram beans dried shelled",AA0202,N/A,05_products_of_animal_origin_nes,50,piece,4181.025352,1
https://globalbloodbanking.ml/ware/public/images/product/zummXD2dvAtI.png,"Chicory, fresh or chilled, except witloof",AA0213,N/A,05_products_of_animal_origin_nes,50,piece,4143.703843,1
https://globalbloodbanking.ml/ware/public/images/product/zummXD2dvAtI.png,"Asparagus, fresh or chilled",AA0224,N/A,05_products_of_animal_origin_nes,50,piece,1205.441118,1
https://globalbloodbanking.ml/ware/public/images/product/zummXD2dvAtI.png,"Sweet potatoes, fresh or dried",AA0235,N/A,05_products_of_animal_origin_nes,50,piece,813.6727545,1
https://globalbloodbanking.ml/ware/public/images/product/zummXD2dvAtI.png,"Manioc (cassava), fresh or dried",AA0246,N/A,05_products_of_animal_origin_nes,50,piece,3917.683633,1
https://globalbloodbanking.ml/ware/public/images/product/zummXD2dvAtI.png,"Coconuts, fresh or dried",AA0258,N/A,06_live_trees_plants_bulbs_roots_cut_flowers_etc,50,piece,12506.4516,1
https://globalbloodbanking.ml/ware/public/images/product/zummXD2dvAtI.png,"Swine edible offal, fresh or chilled",AA0005,N/A,06_live_trees_plants_bulbs_roots_cut_flowers_etc,50,piece,9976.560176,1
https://globalbloodbanking.ml/ware/public/images/product/zummXD2dvAtI.png,"Cherries, fresh",AA0269,N/A,06_live_trees_plants_bulbs_roots_cut_flowers_etc,50,piece,253.522181,1
https://globalbloodbanking.ml/ware/public/images/product/zummXD2dvAtI.png,"Swine cuts, frozen nes",AA0016,N/A,06_live_trees_plants_bulbs_roots_cut_flowers_etc,50,piece,3541.974027,1
https://globalbloodbanking.ml/ware/public/images/product/zummXD2dvAtI.png,"Figs, fresh or dried",AA0280,N/A,06_live_trees_plants_bulbs_roots_cut_flowers_etc,50,piece,13943.71996,1
https://globalbloodbanking.ml/ware/public/images/product/zummXD2dvAtI.png,"Horse, ass, mule, hinny meat, fresh, chilled or froze",AA0027,N/A,06_live_trees_plants_bulbs_roots_cut_flowers_etc,50,piece,16156.66738,1
https://globalbloodbanking.ml/ware/public/images/product/zummXD2dvAtI.png,"Grapefruit, fresh or dried",AA0291,N/A,06_live_trees_plants_bulbs_roots_cut_flowers_etc,50,piece,6528.196161,1
https://globalbloodbanking.ml/ware/public/images/product/zummXD2dvAtI.png,"Turkeys, domestic, whole, frozen",AA0038,N/A,06_live_trees_plants_bulbs_roots_cut_flowers_etc,50,piece,1421.188334,1
https://globalbloodbanking.ml/ware/public/images/product/zummXD2dvAtI.png,"Tea, green (unfermented) in packages &lt; 3 kg",AA0302,N/A,06_live_trees_plants_bulbs_roots_cut_flowers_etc,50,piece,5323.965801,1
https://globalbloodbanking.ml/ware/public/images/product/zummXD2dvAtI.png,"Fatty livers (geese,ducks) domestic fresh or chilled",AA0049,N/A,06_live_trees_plants_bulbs_roots_cut_flowers_etc,50,piece,3327.551741,1
https://globalbloodbanking.ml/ware/public/images/product/zummXD2dvAtI.png,Mate,AA0313,N/A,06_live_trees_plants_bulbs_roots_cut_flowers_etc,50,piece,6338.054525,1
https://globalbloodbanking.ml/ware/public/images/product/zummXD2dvAtI.png,"Sardines,brisling,sprats, frozen, whole",AA0060,N/A,06_live_trees_plants_bulbs_roots_cut_flowers_etc,50,piece,940.3950573,1
https://globalbloodbanking.ml/ware/public/images/product/zummXD2dvAtI.png,Caraway seeds,AA0324,N/A,06_live_trees_plants_bulbs_roots_cut_flowers_etc,50,piece,3105.646717,1
https://globalbloodbanking.ml/ware/public/images/product/zummXD2dvAtI.png,"Cod, frozen, whole",AA0071,N/A,06_live_trees_plants_bulbs_roots_cut_flowers_etc,50,piece,20325.91385,1
https://globalbloodbanking.ml/ware/public/images/product/zummXD2dvAtI.png,"Rice, husked (brown)",AA0335,N/A,06_live_trees_plants_bulbs_roots_cut_flowers_etc,50,piece,4572.507707,1
https://globalbloodbanking.ml/ware/public/images/product/zummXD2dvAtI.png,"Eels, frozen, whole",AA0082,N/A,06_live_trees_plants_bulbs_roots_cut_flowers_etc,50,piece,1269.675243,1
https://globalbloodbanking.ml/ware/public/images/product/zummXD2dvAtI.png,Oats,AA0346,N/A,06_live_trees_plants_bulbs_roots_cut_flowers_etc,50,piece,6731.59071,1
https://globalbloodbanking.ml/ware/public/images/product/zummXD2dvAtI.png,"Fish livers and roes, frozen",AA0093,N/A,06_live_trees_plants_bulbs_roots_cut_flowers_etc,50,piece,14601.2653,1
https://globalbloodbanking.ml/ware/public/images/product/zummXD2dvAtI.png,"Cereal flour except wheat, meslin, rye, maize, rice",AA0357,N/A,06_live_trees_plants_bulbs_roots_cut_flowers_etc,50,piece,19573.39453,1
https://globalbloodbanking.ml/ware/public/images/product/zummXD2dvAtI.png,"Aquatic invertebrates nes, frozen or preserved",AA0104,N/A,06_live_trees_plants_bulbs_roots_cut_flowers_etc,50,piece,3174.188108,1
https://globalbloodbanking.ml/ware/public/images/product/zummXD2dvAtI.png,"Malt, roasted",AA0368,N/A,06_live_trees_plants_bulbs_roots_cut_flowers_etc,50,piece,9450.117728,1
https://globalbloodbanking.ml/ware/public/images/product/zummXD2dvAtI.png,"Sole, fresh or chilled, whole",AA0115,N/A,06_live_trees_plants_bulbs_roots_cut_flowers_etc,50,piece,9598.744838,1
https://globalbloodbanking.ml/ware/public/images/product/zummXD2dvAtI.png,Flour or meal of dried legumes,AA0379,N/A,06_live_trees_plants_bulbs_roots_cut_flowers_etc,50,piece,2997.611739,1
https://globalbloodbanking.ml/ware/public/images/product/zummXD2dvAtI.png,"Flours, meals &amp; pellets of fish for human consumption",AA0126,N/A,06_live_trees_plants_bulbs_roots_cut_flowers_etc,50,piece,5263.926043,1
https://globalbloodbanking.ml/ware/public/images/product/zummXD2dvAtI.png,"Seed, clover, for sowing",AA0390,N/A,06_live_trees_plants_bulbs_roots_cut_flowers_etc,50,piece,1562.584843,1
https://globalbloodbanking.ml/ware/public/images/product/zummXD2dvAtI.png,"Halibut, frozen, whole",AA0137,N/A,06_live_trees_plants_bulbs_roots_cut_flowers_etc,50,piece,7824.754929,1
https://globalbloodbanking.ml/ware/public/images/product/zummXD2dvAtI.png,"Other fodder and forage products, roots, etc.",AA0401,N/A,06_live_trees_plants_bulbs_roots_cut_flowers_etc,50,piece,127.5579463,1
https://globalbloodbanking.ml/ware/public/images/product/zummXD2dvAtI.png,Milk powder &lt; 1.5% fat,AA0148,N/A,06_live_trees_plants_bulbs_roots_cut_flowers_etc,50,piece,16787.65603,1
https://globalbloodbanking.ml/ware/public/images/product/zummXD2dvAtI.png,"Seed, sugar beet, for sowing",AA0412,N/A,06_live_trees_plants_bulbs_roots_cut_flowers_etc,50,piece,3858.627877,1
https://globalbloodbanking.ml/ware/public/images/product/zummXD2dvAtI.png,"Eggs, bird, not in shell, dried",AA0159,N/A,06_live_trees_plants_bulbs_roots_cut_flowers_etc,50,piece,30445.41009,1
https://globalbloodbanking.ml/ware/public/images/product/zummXD2dvAtI.png,"Seed, rye grass, for sowing",AA0423,N/A,06_live_trees_plants_bulbs_roots_cut_flowers_etc,50,piece,5453.102206,1
https://globalbloodbanking.ml/ware/public/images/product/zummXD2dvAtI.png,Semen bovine,AA0170,N/A,06_live_trees_plants_bulbs_roots_cut_flowers_etc,50,piece,162.0683138,1
https://globalbloodbanking.ml/ware/public/images/product/zummXD2dvAtI.png,"Foliage,branches, for bouquets, etc. - except fresh",AA0181,N/A,06_live_trees_plants_bulbs_roots_cut_flowers_etc,50,piece,6725.835021,1
https://globalbloodbanking.ml/ware/public/images/product/zummXD2dvAtI.png,Mushroom spawn,AA0192,N/A,06_live_trees_plants_bulbs_roots_cut_flowers_etc,50,piece,12677.94784,1
https://globalbloodbanking.ml/ware/public/images/product/zummXD2dvAtI.png,"Lentils dried, shelled",AA0203,N/A,06_live_trees_plants_bulbs_roots_cut_flowers_etc,50,piece,7822.563561,1
https://globalbloodbanking.ml/ware/public/images/product/zummXD2dvAtI.png,"Spinach, frozen, uncooked steamed or boiled",AA0214,N/A,06_live_trees_plants_bulbs_roots_cut_flowers_etc,50,piece,9342.168663,1
https://globalbloodbanking.ml/ware/public/images/product/zummXD2dvAtI.png,"Olives, provisionally preserved",AA0225,N/A,06_live_trees_plants_bulbs_roots_cut_flowers_etc,50,piece,13410.53244,1
https://globalbloodbanking.ml/ware/public/images/product/zummXD2dvAtI.png,"Onions and shallots, fresh or chilled",AA0236,N/A,06_live_trees_plants_bulbs_roots_cut_flowers_etc,50,piece,3525.91527,1
https://globalbloodbanking.ml/ware/public/images/product/zummXD2dvAtI.png,"Witloof chicory, fresh or chilled",AA0247,N/A,06_live_trees_plants_bulbs_roots_cut_flowers_etc,50,piece,2101.987949,1
https://globalbloodbanking.ml/ware/public/images/product/zummXD2dvAtI.png,"Papaws (papayas), fresh",AA0259,N/A,07_edible_vegetables_and_certain_roots_and_tubers,50,piece,14088.59306,1
https://globalbloodbanking.ml/ware/public/images/product/zummXD2dvAtI.png,"Poultry, domestic, whole, fresh or chilled",AA0006,N/A,07_edible_vegetables_and_certain_roots_and_tubers,50,piece,8978.904158,1
https://globalbloodbanking.ml/ware/public/images/product/zummXD2dvAtI.png,"Plums, sloes, fresh",AA0270,N/A,07_edible_vegetables_and_certain_roots_and_tubers,50,piece,7859.187612,1
https://globalbloodbanking.ml/ware/public/images/product/zummXD2dvAtI.png,"Frog legs, fresh, chilled or frozen",AA0017,N/A,07_edible_vegetables_and_certain_roots_and_tubers,50,piece,9268.165371,1
https://globalbloodbanking.ml/ware/public/images/product/zummXD2dvAtI.png,"Walnuts, fresh or dried, shelled",AA0281,N/A,07_edible_vegetables_and_certain_roots_and_tubers,50,piece,6147.91289,1
https://globalbloodbanking.ml/ware/public/images/product/zummXD2dvAtI.png,"Bovine livers, frozen",AA0028,N/A,07_edible_vegetables_and_certain_roots_and_tubers,50,piece,299.1975441,1
https://globalbloodbanking.ml/ware/public/images/product/zummXD2dvAtI.png,"Brazil nuts, fresh or dried",AA0292,N/A,07_edible_vegetables_and_certain_roots_and_tubers,50,piece,5767.629618,1
https://globalbloodbanking.ml/ware/public/images/product/zummXD2dvAtI.png,"Duck, goose, guinea fowl cuts, offal not liver, froze",AA0039,N/A,07_edible_vegetables_and_certain_roots_and_tubers,50,piece,523.5957021,1
https://globalbloodbanking.ml/ware/public/images/product/zummXD2dvAtI.png,Coriander seeds,AA0303,N/A,07_edible_vegetables_and_certain_roots_and_tubers,50,piece,4246.496532,1
https://globalbloodbanking.ml/ware/public/images/product/zummXD2dvAtI.png,"Poultry livers, domestic, frozen",AA0050,N/A,07_edible_vegetables_and_certain_roots_and_tubers,50,piece,7450.822377,1
https://globalbloodbanking.ml/ware/public/images/product/zummXD2dvAtI.png,"Coffee, not roasted, decaffeinated",AA0314,N/A,07_edible_vegetables_and_certain_roots_and_tubers,50,piece,3866.213261,1
https://globalbloodbanking.ml/ware/public/images/product/zummXD2dvAtI.png,"Dogfish and other sharks, frozen, whole",AA0061,N/A,07_edible_vegetables_and_certain_roots_and_tubers,50,piece,16782.43487,1
https://globalbloodbanking.ml/ware/public/images/product/zummXD2dvAtI.png,"Pepper of the genus Piper, whole",AA0325,N/A,07_edible_vegetables_and_certain_roots_and_tubers,50,piece,10901.45378,1
https://globalbloodbanking.ml/ware/public/images/product/zummXD2dvAtI.png,"Mackerel, frozen, whole",AA0072,N/A,07_edible_vegetables_and_certain_roots_and_tubers,50,piece,2032.591385,1
https://globalbloodbanking.ml/ware/public/images/product/zummXD2dvAtI.png,"Rice, semi-milled or wholly milled",AA0336,N/A,07_edible_vegetables_and_certain_roots_and_tubers,50,piece,852.5014369,1
https://globalbloodbanking.ml/ware/public/images/product/zummXD2dvAtI.png,"Snails, edible (except sea snails)",AA0083,N/A,07_edible_vegetables_and_certain_roots_and_tubers,50,piece,1142.707719,1
https://globalbloodbanking.ml/ware/public/images/product/zummXD2dvAtI.png,Barley,AA0347,N/A,07_edible_vegetables_and_certain_roots_and_tubers,50,piece,6058.431639,1
https://globalbloodbanking.ml/ware/public/images/product/zummXD2dvAtI.png,"Cuttle fish, squid, frozen, dried, salted or in brine",AA0094,N/A,07_edible_vegetables_and_certain_roots_and_tubers,50,piece,15083.74189,1
https://globalbloodbanking.ml/ware/public/images/product/zummXD2dvAtI.png,"Oats, rolled or flaked grains",AA0358,N/A,07_edible_vegetables_and_certain_roots_and_tubers,50,piece,23819.47482,1
https://globalbloodbanking.ml/ware/public/images/product/zummXD2dvAtI.png,"Scallops, live, fresh or chilled",AA0105,N/A,07_edible_vegetables_and_certain_roots_and_tubers,50,piece,2856.769297,1
https://globalbloodbanking.ml/ware/public/images/product/zummXD2dvAtI.png,Inulin,AA0369,N/A,07_edible_vegetables_and_certain_roots_and_tubers,50,piece,8505.105955,1
https://globalbloodbanking.ml/ware/public/images/product/zummXD2dvAtI.png,"Fish livers and roes, fresh or chilled",AA0116,N/A,07_edible_vegetables_and_certain_roots_and_tubers,50,piece,10243.31554,1
https://globalbloodbanking.ml/ware/public/images/product/zummXD2dvAtI.png,"Wheat, starch",AA0380,N/A,07_edible_vegetables_and_certain_roots_and_tubers,50,piece,1722.032276,1
https://globalbloodbanking.ml/ware/public/images/product/zummXD2dvAtI.png,"Mackerel, fresh or chilled, whole",AA0127,N/A,07_edible_vegetables_and_certain_roots_and_tubers,50,piece,9105.169372,1
https://globalbloodbanking.ml/ware/public/images/product/zummXD2dvAtI.png,"Hop cones, not ground, powdered or pelleted",AA0391,N/A,07_edible_vegetables_and_certain_roots_and_tubers,50,piece,223.2264061,1
https://globalbloodbanking.ml/ware/public/images/product/zummXD2dvAtI.png,"Fresh cheese, unfermented whey cheese, curd",AA0138,N/A,07_edible_vegetables_and_certain_roots_and_tubers,50,piece,1707.219257,1
https://globalbloodbanking.ml/ware/public/images/product/zummXD2dvAtI.png,"Hop cones, ground, powdered or pelleted and lupulin",AA0402,N/A,07_edible_vegetables_and_certain_roots_and_tubers,50,piece,892.9056244,1
https://globalbloodbanking.ml/ware/public/images/product/zummXD2dvAtI.png,"Honey, natural",AA0149,N/A,07_edible_vegetables_and_certain_roots_and_tubers,50,piece,21055.70417,1
https://globalbloodbanking.ml/ware/public/images/product/zummXD2dvAtI.png,Soya bean flour or meal,AA0413,N/A,07_edible_vegetables_and_certain_roots_and_tubers,50,piece,373.1069931,1
https://globalbloodbanking.ml/ware/public/images/product/zummXD2dvAtI.png,Egg yolks dried,AA0160,N/A,07_edible_vegetables_and_certain_roots_and_tubers,50,piece,13373.21752,1
https://globalbloodbanking.ml/ware/public/images/product/zummXD2dvAtI.png,"Seed, Timothy grass, for sowing",AA0424,N/A,07_edible_vegetables_and_certain_roots_and_tubers,50,piece,6441.676291,1
https://globalbloodbanking.ml/ware/public/images/product/zummXD2dvAtI.png,"Bristles, hair &amp; waste thereof of pigs, hogs or boars",AA0171,N/A,07_edible_vegetables_and_certain_roots_and_tubers,50,piece,3443.951668,1
https://globalbloodbanking.ml/ware/public/images/product/zummXD2dvAtI.png,"Cut flowers and flower buds for bouquets, etc., fresh",AA0182,N/A,07_edible_vegetables_and_certain_roots_and_tubers,50,piece,2106.888079,1
https://globalbloodbanking.ml/ware/public/images/product/zummXD2dvAtI.png,"Mushrooms, fresh or chilled",AA0193,N/A,07_edible_vegetables_and_certain_roots_and_tubers,50,piece,3371.794638,1
https://globalbloodbanking.ml/ware/public/images/product/zummXD2dvAtI.png,"Beans, shelled or unshelled, fresh or chilled",AA0204,N/A,07_edible_vegetables_and_certain_roots_and_tubers,50,piece,6473.845706,1
https://globalbloodbanking.ml/ware/public/images/product/zummXD2dvAtI.png,Cucumbers and gherkins provisionally preserved,AA0215,N/A,07_edible_vegetables_and_certain_roots_and_tubers,50,piece,10924.31013,1
https://globalbloodbanking.ml/ware/public/images/product/zummXD2dvAtI.png,"Garlic, fresh or chilled",AA0226,N/A,07_edible_vegetables_and_certain_roots_and_tubers,50,piece,979.4209082,1
https://globalbloodbanking.ml/ware/public/images/product/zummXD2dvAtI.png,"Cucumbers and gherkins, fresh or chilled",AA0237,N/A,07_edible_vegetables_and_certain_roots_and_tubers,50,piece,1695.151572,1
https://globalbloodbanking.ml/ware/public/images/product/zummXD2dvAtI.png,"Potatoes, dried, not further prepared",AA0248,N/A,07_edible_vegetables_and_certain_roots_and_tubers,50,piece,2335.542166,1
https://globalbloodbanking.ml/ware/public/images/product/zummXD2dvAtI.png,"Strawberries, fresh",AA0260,N/A,08_edible_fruit_nuts_peel_of_citrus_fruit_melons,50,piece,2441.018264,1
https://globalbloodbanking.ml/ware/public/images/product/zummXD2dvAtI.png,"Bovine cuts boneless, frozen",AA0007,N/A,08_edible_fruit_nuts_peel_of_citrus_fruit_melons,50,piece,10684.95498,1
https://globalbloodbanking.ml/ware/public/images/product/zummXD2dvAtI.png,Almonds in shell fresh or dried,AA0271,N/A,08_edible_fruit_nuts_peel_of_citrus_fruit_melons,50,piece,1521.133086,1
https://globalbloodbanking.ml/ware/public/images/product/zummXD2dvAtI.png,"Lamb carcasses and half carcasses, frozen",AA0018,N/A,08_edible_fruit_nuts_peel_of_citrus_fruit_melons,50,piece,8913.967968,1
https://globalbloodbanking.ml/ware/public/images/product/zummXD2dvAtI.png,"Fruits and nuts (uncooked, steamed, boiled) frozen,ne",AA0282,N/A,08_edible_fruit_nuts_peel_of_citrus_fruit_melons,50,piece,443.6638168,1
https://globalbloodbanking.ml/ware/public/images/product/zummXD2dvAtI.png,"Bovine tongues, frozen",AA0029,N/A,08_edible_fruit_nuts_peel_of_citrus_fruit_melons,50,piece,897.5926322,1
https://globalbloodbanking.ml/ware/public/images/product/zummXD2dvAtI.png,"Dates, fresh or dried",AA0293,N/A,08_edible_fruit_nuts_peel_of_citrus_fruit_melons,50,piece,1584.513631,1
https://globalbloodbanking.ml/ware/public/images/product/zummXD2dvAtI.png,"Pig and poultry fat, unrendered",AA0040,N/A,08_edible_fruit_nuts_peel_of_citrus_fruit_melons,50,piece,1196.790176,1
https://globalbloodbanking.ml/ware/public/images/product/zummXD2dvAtI.png,"Coffee, roasted, decaffeinated",AA0304,N/A,08_edible_fruit_nuts_peel_of_citrus_fruit_melons,50,piece,9380.320698,1
https://globalbloodbanking.ml/ware/public/images/product/zummXD2dvAtI.png,"Salmon fresh or chilled, whole",AA0051,N/A,08_edible_fruit_nuts_peel_of_citrus_fruit_melons,50,piece,6148.736913,1
https://globalbloodbanking.ml/ware/public/images/product/zummXD2dvAtI.png,"Pepper of the genus Piper, crushed or ground",AA0315,N/A,08_edible_fruit_nuts_peel_of_citrus_fruit_melons,50,piece,6084.532344,1
https://globalbloodbanking.ml/ware/public/images/product/zummXD2dvAtI.png,"Fish fillet or meat, fresh or chilled, not liver, roe",AA0062,N/A,08_edible_fruit_nuts_peel_of_citrus_fruit_melons,50,piece,2676.509009,1
https://globalbloodbanking.ml/ware/public/images/product/zummXD2dvAtI.png,Nutmeg,AA0326,N/A,08_edible_fruit_nuts_peel_of_citrus_fruit_melons,50,piece,9950.745605,1
https://globalbloodbanking.ml/ware/public/images/product/zummXD2dvAtI.png,"Hake, frozen, whole",AA0073,N/A,08_edible_fruit_nuts_peel_of_citrus_fruit_melons,50,piece,1270.369616,1
https://globalbloodbanking.ml/ware/public/images/product/zummXD2dvAtI.png,Rice in the husk (paddy or rough),AA0337,N/A,08_edible_fruit_nuts_peel_of_citrus_fruit_melons,50,piece,155.0002613,1
https://globalbloodbanking.ml/ware/public/images/product/zummXD2dvAtI.png,"Aquatic invertebrates nes, fresh or chilled, live",AA0084,N/A,08_edible_fruit_nuts_peel_of_citrus_fruit_melons,50,piece,6856.246313,1
https://globalbloodbanking.ml/ware/public/images/product/zummXD2dvAtI.png,Millet,AA0348,N/A,08_edible_fruit_nuts_peel_of_citrus_fruit_melons,50,piece,15275.53277,1
https://globalbloodbanking.ml/ware/public/images/product/zummXD2dvAtI.png,"Dogfish and other sharks, fresh or chilled, whole",AA0095,N/A,08_edible_fruit_nuts_peel_of_citrus_fruit_melons,50,piece,16759.71321,1
https://globalbloodbanking.ml/ware/public/images/product/zummXD2dvAtI.png,"Cereal groats or meal except wheat, maize, rice, oats",AA0359,N/A,08_edible_fruit_nuts_peel_of_citrus_fruit_melons,50,piece,21437.52734,1
https://globalbloodbanking.ml/ware/public/images/product/zummXD2dvAtI.png,"Tuna(yellowfin) fresh or chilled, whole",AA0106,N/A,08_edible_fruit_nuts_peel_of_citrus_fruit_melons,50,piece,1523.610292,1
https://globalbloodbanking.ml/ware/public/images/product/zummXD2dvAtI.png,"Flour or meal of sago, starchy roots or tubers",AA0370,N/A,08_edible_fruit_nuts_peel_of_citrus_fruit_melons,50,piece,2847.980685,1
https://globalbloodbanking.ml/ware/public/images/product/zummXD2dvAtI.png,"Mussels, shelled or not, live, fresh or chilled",AA0117,N/A,08_edible_fruit_nuts_peel_of_citrus_fruit_melons,50,piece,3414.438515,1
https://globalbloodbanking.ml/ware/public/images/product/zummXD2dvAtI.png,"Oats, hulled, pearled, sliced or kibbled",AA0381,N/A,08_edible_fruit_nuts_peel_of_citrus_fruit_melons,50,piece,1913.369195,1
https://globalbloodbanking.ml/ware/public/images/product/zummXD2dvAtI.png,"Herrings, salted or in brine, not dried or smoked",AA0128,N/A,08_edible_fruit_nuts_peel_of_citrus_fruit_melons,50,piece,12092.80307,1
https://globalbloodbanking.ml/ware/public/images/product/zummXD2dvAtI.png,Rape or colza seeds,AA0392,N/A,08_edible_fruit_nuts_peel_of_citrus_fruit_melons,50,piece,200.9037655,1
https://globalbloodbanking.ml/ware/public/images/product/zummXD2dvAtI.png,"Cheese except fresh, grated, processed or blue-veined",AA0139,N/A,08_edible_fruit_nuts_peel_of_citrus_fruit_melons,50,piece,14653.63196,1
https://globalbloodbanking.ml/ware/public/images/product/zummXD2dvAtI.png,Shea nuts (karite nuts),AA0403,N/A,08_edible_fruit_nuts_peel_of_citrus_fruit_melons,50,piece,3386.663476,1
https://globalbloodbanking.ml/ware/public/images/product/zummXD2dvAtI.png,Whey,AA0150,N/A,08_edible_fruit_nuts_peel_of_citrus_fruit_melons,50,piece,1849.487529,1
https://globalbloodbanking.ml/ware/public/images/product/zummXD2dvAtI.png,"Seed, fescue, for sowing",AA0414,N/A,08_edible_fruit_nuts_peel_of_citrus_fruit_melons,50,piece,3667.290957,1
https://globalbloodbanking.ml/ware/public/images/product/zummXD2dvAtI.png,Egg yolks except dried,AA0161,N/A,08_edible_fruit_nuts_peel_of_citrus_fruit_melons,50,piece,8678.364558,1
https://globalbloodbanking.ml/ware/public/images/product/zummXD2dvAtI.png,Safflower seeds,AA0425,N/A,08_edible_fruit_nuts_peel_of_citrus_fruit_melons,50,piece,3731.069931,1
https://globalbloodbanking.ml/ware/public/images/product/zummXD2dvAtI.png,"Hair, human, unworked, waste of human hair",AA0172,N/A,08_edible_fruit_nuts_peel_of_citrus_fruit_melons,50,piece,1620.683138,1
https://globalbloodbanking.ml/ware/public/images/product/zummXD2dvAtI.png,"Cut flowers and flower buds for bouquets, dried, etc.",AA0183,N/A,08_edible_fruit_nuts_peel_of_citrus_fruit_melons,50,piece,2431.024707,1
https://globalbloodbanking.ml/ware/public/images/product/zummXD2dvAtI.png,"Lettuce, fresh or chilled except cabbage lettuce",AA0194,N/A,08_edible_fruit_nuts_peel_of_citrus_fruit_melons,50,piece,3776.409995,1
https://globalbloodbanking.ml/ware/public/images/product/zummXD2dvAtI.png,"Celery, other than celeriac, fresh or chilled",AA0205,N/A,08_edible_fruit_nuts_peel_of_citrus_fruit_melons,50,piece,2562.563925,1
https://globalbloodbanking.ml/ware/public/images/product/zummXD2dvAtI.png,"Beans, small red (Adzuki) dried, shelled",AA0216,N/A,08_edible_fruit_nuts_peel_of_citrus_fruit_melons,50,piece,1883.501747,1
https://globalbloodbanking.ml/ware/public/images/product/zummXD2dvAtI.png,"Carrots and turnips, fresh or chilled",AA0227,N/A,08_edible_fruit_nuts_peel_of_citrus_fruit_melons,50,piece,9040.808384,1
https://globalbloodbanking.ml/ware/public/images/product/zummXD2dvAtI.png,"Vegetables, fresh or chilled nes",AA0238,N/A,08_edible_fruit_nuts_peel_of_citrus_fruit_melons,50,piece,8407.951797,1
https://globalbloodbanking.ml/ware/public/images/product/zummXD2dvAtI.png,"Capers, provisionally preserved",AA0249,N/A,08_edible_fruit_nuts_peel_of_citrus_fruit_melons,50,piece,1627.345509,1
https://globalbloodbanking.ml/ware/public/images/product/zummXD2dvAtI.png,"Avocados, fresh or dried",AA0261,N/A,09_coffee_tea_mate_and_spices,50,piece,2305.406138,1
https://globalbloodbanking.ml/ware/public/images/product/zummXD2dvAtI.png,"Bovine edible offal, fresh or chilled",AA0008,N/A,09_coffee_tea_mate_and_spices,50,piece,1830.019914,1
https://globalbloodbanking.ml/ware/public/images/product/zummXD2dvAtI.png,"Mandarin, clementine &amp; citrus hybrids, fresh or dried",AA0272,N/A,09_coffee_tea_mate_and_spices,50,piece,2725.363446,1
https://globalbloodbanking.ml/ware/public/images/product/zummXD2dvAtI.png,"Bovine meat salted, dried or smoked",AA0019,N/A,09_coffee_tea_mate_and_spices,50,piece,12751.1065,1
https://globalbloodbanking.ml/ware/public/images/product/zummXD2dvAtI.png,"Guavas, mangoes and mangosteens, fresh or dried",AA0283,N/A,09_coffee_tea_mate_and_spices,50,piece,14514.14486,1
https://globalbloodbanking.ml/ware/public/images/product/zummXD2dvAtI.png,"Sheep, goat, ass, mule, hinnie edible offal, frozen",AA0030,N/A,09_coffee_tea_mate_and_spices,50,piece,17129.0594,1
https://globalbloodbanking.ml/ware/public/images/product/zummXD2dvAtI.png,Peel of citrus fruit or melons,AA0294,N/A,09_coffee_tea_mate_and_spices,50,piece,4816.921439,1
https://globalbloodbanking.ml/ware/public/images/product/zummXD2dvAtI.png,"Sheep cuts, boneless, fresh or chilled",AA0041,N/A,09_coffee_tea_mate_and_spices,50,piece,8078.33369,1
https://globalbloodbanking.ml/ware/public/images/product/zummXD2dvAtI.png,"Tea, green (unfermented) in packages &gt; 3 kg",AA0305,N/A,09_coffee_tea_mate_and_spices,50,piece,6845.098887,1
https://globalbloodbanking.ml/ware/public/images/product/zummXD2dvAtI.png,"Salmon Atlantic or Danube, frozen, whole",AA0052,N/A,09_coffee_tea_mate_and_spices,50,piece,506.3665693,1
https://globalbloodbanking.ml/ware/public/images/product/zummXD2dvAtI.png,Anise or badian seeds,AA0316,N/A,09_coffee_tea_mate_and_spices,50,piece,8429.612519,1
https://globalbloodbanking.ml/ware/public/images/product/zummXD2dvAtI.png,"Shrimps and prawns, frozen",AA0063,N/A,09_coffee_tea_mate_and_spices,50,piece,5714.708425,1
https://globalbloodbanking.ml/ware/public/images/product/zummXD2dvAtI.png,Mace,AA0327,N/A,09_coffee_tea_mate_and_spices,50,piece,7098.621068,1
https://globalbloodbanking.ml/ware/public/images/product/zummXD2dvAtI.png,"Fish meat &amp; mince, except liver, roe &amp; fillets, froze",AA0074,N/A,09_coffee_tea_mate_and_spices,50,piece,4573.330617,1
https://globalbloodbanking.ml/ware/public/images/product/zummXD2dvAtI.png,"Wheat except durum wheat, and meslin",AA0338,N/A,09_coffee_tea_mate_and_spices,50,piece,517.81467,1
https://globalbloodbanking.ml/ware/public/images/product/zummXD2dvAtI.png,"Fish nes, frozen, whole",AA0085,N/A,09_coffee_tea_mate_and_spices,50,piece,7618.051459,1
https://globalbloodbanking.ml/ware/public/images/product/zummXD2dvAtI.png,"Maize (corn), hulled, pearled, sliced or kibbled",AA0349,N/A,09_coffee_tea_mate_and_spices,50,piece,13747.97949,1
https://globalbloodbanking.ml/ware/public/images/product/zummXD2dvAtI.png,"Tunas nes, frozen, whole",AA0096,N/A,09_coffee_tea_mate_and_spices,50,piece,23082.69592,1
https://globalbloodbanking.ml/ware/public/images/product/zummXD2dvAtI.png,"Cereals, rolled or flaked grains nes",AA0360,N/A,09_coffee_tea_mate_and_spices,50,piece,27961.99218,1
https://globalbloodbanking.ml/ware/public/images/product/zummXD2dvAtI.png,"Skipjack,stripe-belly bonito, fresh or chilled, whole",AA0107,N/A,09_coffee_tea_mate_and_spices,50,piece,1371.249263,1
https://globalbloodbanking.ml/ware/public/images/product/zummXD2dvAtI.png,Manioc (cassava) starch,AA0371,N/A,09_coffee_tea_mate_and_spices,50,piece,1682.897678,1
https://globalbloodbanking.ml/ware/public/images/product/zummXD2dvAtI.png,"Halibut, fresh or chilled, whole",AA0118,N/A,09_coffee_tea_mate_and_spices,50,piece,10812.38863,1
https://globalbloodbanking.ml/ware/public/images/product/zummXD2dvAtI.png,Wheat gluten,AA0382,N/A,09_coffee_tea_mate_and_spices,50,piece,889.7166758,1
https://globalbloodbanking.ml/ware/public/images/product/zummXD2dvAtI.png,"Cod, salted or in brine, not dried or smoked",AA0129,N/A,09_coffee_tea_mate_and_spices,50,piece,11665.99826,1
https://globalbloodbanking.ml/ware/public/images/product/zummXD2dvAtI.png,Liquorice roots,AA0393,N/A,09_coffee_tea_mate_and_spices,50,piece,318.8948659,1
https://globalbloodbanking.ml/ware/public/images/product/zummXD2dvAtI.png,"Milk and cream unsweetened, concentrated",AA0140,N/A,09_coffee_tea_mate_and_spices,50,piece,12946.4127,1
https://globalbloodbanking.ml/ware/public/images/product/zummXD2dvAtI.png,"Plants &amp; parts, pharmacy, perfume, insecticide use ne",AA0404,N/A,09_coffee_tea_mate_and_spices,50,piece,3762.959417,1
https://globalbloodbanking.ml/ware/public/images/product/zummXD2dvAtI.png,Milk not concentrated nor sweetened 1-6% fat,AA0151,N/A,09_coffee_tea_mate_and_spices,50,piece,6117.535672,1
https://globalbloodbanking.ml/ware/public/images/product/zummXD2dvAtI.png,Palm nuts and kernels,AA0415,N/A,09_coffee_tea_mate_and_spices,50,piece,3300.561862,1
https://globalbloodbanking.ml/ware/public/images/product/zummXD2dvAtI.png,"Eggs, bird, not in shell not dried",AA0162,N/A,09_coffee_tea_mate_and_spices,50,piece,33433.04379,1
https://globalbloodbanking.ml/ware/public/images/product/zummXD2dvAtI.png,Lucerne (alfalfa) meal and pellets,AA0426,N/A,09_coffee_tea_mate_and_spices,50,piece,4145.633256,1
https://globalbloodbanking.ml/ware/public/images/product/zummXD2dvAtI.png,"Fish, shellfish and crustaceans (non-food)",AA0173,N/A,09_coffee_tea_mate_and_spices,50,piece,526.7220197,1
https://globalbloodbanking.ml/ware/public/images/product/zummXD2dvAtI.png,"Mosses and lichens for bouquets, ornamental purposes",AA0184,N/A,09_coffee_tea_mate_and_spices,50,piece,2714.644256,1
https://globalbloodbanking.ml/ware/public/images/product/zummXD2dvAtI.png,"Peas, shelled or unshelled, fresh or chilled",AA0195,N/A,09_coffee_tea_mate_and_spices,50,piece,2967.179282,1
https://globalbloodbanking.ml/ware/public/images/product/zummXD2dvAtI.png,"Beans, frozen, uncooked steamed or boiled",AA0206,N/A,09_coffee_tea_mate_and_spices,50,piece,1618.461426,1
https://globalbloodbanking.ml/ware/public/images/product/zummXD2dvAtI.png,"Potatoes, fresh or chilled except seed",AA0217,N/A,09_coffee_tea_mate_and_spices,50,piece,11828.39097,1
https://globalbloodbanking.ml/ware/public/images/product/zummXD2dvAtI.png,"Aubergines(egg-plants), fresh or chilled",AA0228,N/A,09_coffee_tea_mate_and_spices,50,piece,474.6424402,1
https://globalbloodbanking.ml/ware/public/images/product/zummXD2dvAtI.png,"Broad beans and horse beans dried, shelled",AA0239,N/A,09_coffee_tea_mate_and_spices,50,piece,15527.5884,1
https://globalbloodbanking.ml/ware/public/images/product/zummXD2dvAtI.png,"Almonds,fresh or dried, shelled",AA0250,N/A,09_coffee_tea_mate_and_spices,50,piece,8204.533608,1
https://globalbloodbanking.ml/ware/public/images/product/zummXD2dvAtI.png,"Cranberries, bilberries, similar fruits, fresh",AA0262,N/A,10_cereals,50,piece,5951.865519,1
https://globalbloodbanking.ml/ware/public/images/product/zummXD2dvAtI.png,"Bovine edible offal, frozen except livers and tongues",AA0009,N/A,10_cereals,50,piece,7851.37576,1
https://globalbloodbanking.ml/ware/public/images/product/zummXD2dvAtI.png,"Citrus fruits, fresh or dried, nes",AA0273,N/A,10_cereals,50,piece,12993.01178,1
https://globalbloodbanking.ml/ware/public/images/product/zummXD2dvAtI.png,"Bovine carcasses and half carcasses, fresh or chilled",AA0020,N/A,10_cereals,50,piece,11334.31689,1
https://globalbloodbanking.ml/ware/public/images/product/zummXD2dvAtI.png,"Apples, fresh",AA0284,N/A,10_cereals,50,piece,760.5665431,1
https://globalbloodbanking.ml/ware/public/images/product/zummXD2dvAtI.png,"Sheep, goat, ass, mule, hinnie offal, fresh or chille",AA0031,N/A,10_cereals,50,piece,12192.29992,1
https://globalbloodbanking.ml/ware/public/images/product/zummXD2dvAtI.png,Hazelnuts and filberts in shell fresh or dried,AA0295,N/A,10_cereals,50,piece,12169.06469,1
https://globalbloodbanking.ml/ware/public/images/product/zummXD2dvAtI.png,"Swine livers, frozen",AA0042,N/A,10_cereals,50,piece,5011.558863,1
https://globalbloodbanking.ml/ware/public/images/product/zummXD2dvAtI.png,"Tea, black (fermented or partly) in packages &lt; 3 kg",AA0306,N/A,10_cereals,50,piece,14450.76432,1
https://globalbloodbanking.ml/ware/public/images/product/zummXD2dvAtI.png,"Crustaceans nes, not frozen",AA0053,N/A,10_cereals,50,piece,2604.170928,1
https://globalbloodbanking.ml/ware/public/images/product/zummXD2dvAtI.png,Curry,AA0317,N/A,10_cereals,50,piece,13373.29505,1
https://globalbloodbanking.ml/ware/public/images/product/zummXD2dvAtI.png,"Shrimps and prawns, not frozen",AA0064,N/A,10_cereals,50,piece,3761.580229,1
https://globalbloodbanking.ml/ware/public/images/product/zummXD2dvAtI.png,Cumin seeds,AA0328,N/A,10_cereals,50,piece,12232.44523,1
https://globalbloodbanking.ml/ware/public/images/product/zummXD2dvAtI.png,"Salmon, Pacific, frozen, whole",AA0075,N/A,10_cereals,50,piece,2413.70227,1
https://globalbloodbanking.ml/ware/public/images/product/zummXD2dvAtI.png,"Rice, broken",AA0339,N/A,10_cereals,50,piece,466.033203,1
https://globalbloodbanking.ml/ware/public/images/product/zummXD2dvAtI.png,"Trout, live",AA0086,N/A,10_cereals,50,piece,799.8954032,1
https://globalbloodbanking.ml/ware/public/images/product/zummXD2dvAtI.png,"Cereals, hulled, pearled, sliced or kibbled nes",AA0350,N/A,10_cereals,50,piece,8673.395723,1
https://globalbloodbanking.ml/ware/public/images/product/zummXD2dvAtI.png,"Herrings, frozen, whole",AA0097,N/A,10_cereals,50,piece,25647.43991,1
https://globalbloodbanking.ml/ware/public/images/product/zummXD2dvAtI.png,Wheat or meslin flour,AA0361,N/A,10_cereals,50,piece,25165.79296,1
https://globalbloodbanking.ml/ware/public/images/product/zummXD2dvAtI.png,"Coalfish, fresh or chilled, whole",AA0108,N/A,10_cereals,50,piece,3555.090681,1
https://globalbloodbanking.ml/ware/public/images/product/zummXD2dvAtI.png,Rye flour,AA0372,N/A,10_cereals,50,piece,14498.81076,1
https://globalbloodbanking.ml/ware/public/images/product/zummXD2dvAtI.png,"Tunas(yellowfin) frozen, whole",AA0119,N/A,10_cereals,50,piece,5690.730858,1
https://globalbloodbanking.ml/ware/public/images/product/zummXD2dvAtI.png,"Seed, vegetable, nes for sowing",AA0383,N/A,10_cereals,50,piece,988.5740842,1
https://globalbloodbanking.ml/ware/public/images/product/zummXD2dvAtI.png,"Herring, fresh or chilled, whole",AA0130,N/A,10_cereals,50,piece,6971.145301,1
https://globalbloodbanking.ml/ware/public/images/product/zummXD2dvAtI.png,"Ground-nuts shelled, not roasted or cooked",AA0394,N/A,10_cereals,50,piece,287.0053793,1
https://globalbloodbanking.ml/ware/public/images/product/zummXD2dvAtI.png,Milk and cream nes sweetened or concentrated,AA0141,N/A,10_cereals,50,piece,3983.5116,1
https://globalbloodbanking.ml/ware/public/images/product/zummXD2dvAtI.png,Linseed,AA0405,N/A,10_cereals,50,piece,344.4064551,1
https://globalbloodbanking.ml/ware/public/images/product/zummXD2dvAtI.png,Milk and cream not concentrated nor sweetened &lt; 6% fa,AA0152,N/A,10_cereals,50,piece,32152.62935,1
https://globalbloodbanking.ml/ware/public/images/product/zummXD2dvAtI.png,"Seaweeds and other algae,",AA0416,N/A,10_cereals,50,piece,2697.850565,1
https://globalbloodbanking.ml/ware/public/images/product/zummXD2dvAtI.png,Hair &amp; waste of badger and of other brush making hair,AA0163,N/A,10_cereals,50,piece,27884.5812,1
https://globalbloodbanking.ml/ware/public/images/product/zummXD2dvAtI.png,"Ivory, unworked or simply prepared, powder and waste",AA0174,N/A,10_cereals,50,piece,1863.785608,1
https://globalbloodbanking.ml/ware/public/images/product/zummXD2dvAtI.png,"Plants, live (including their roots),nes",AA0185,N/A,10_cereals,50,piece,972.4098826,1
https://globalbloodbanking.ml/ware/public/images/product/zummXD2dvAtI.png,Kidney beans and white pea beans dried shelled,AA0196,N/A,10_cereals,50,piece,1348.717855,1
https://globalbloodbanking.ml/ware/public/images/product/zummXD2dvAtI.png,"Sweet corn, frozen, uncooked steamed or boiled",AA0207,N/A,10_cereals,50,piece,3236.922853,1
https://globalbloodbanking.ml/ware/public/images/product/zummXD2dvAtI.png,Cabbage lettuce (head lettuce) fresh or chilled,AA0218,N/A,10_cereals,50,piece,9794.209082,1
https://globalbloodbanking.ml/ware/public/images/product/zummXD2dvAtI.png,"Potatoes seed, fresh or chilled",AA0229,N/A,10_cereals,50,piece,881.4788174,1
https://globalbloodbanking.ml/ware/public/images/product/zummXD2dvAtI.png,"Frozen vegetable mixtures, uncooked, boiled or steame",AA0240,N/A,10_cereals,50,piece,7323.054791,1
https://globalbloodbanking.ml/ware/public/images/product/zummXD2dvAtI.png,"Nuts edible, fresh or dried, nes",AA0251,N/A,10_cereals,50,piece,2787.582585,1
https://globalbloodbanking.ml/ware/public/images/product/zummXD2dvAtI.png,"Fruits and nuts, provisionally preserved nes",AA0263,N/A,11_milling_products_malt_starches_inulin_wheat_glute,50,piece,8438.087825,1
https://globalbloodbanking.ml/ware/public/images/product/zummXD2dvAtI.png,"Swine edible offal, frozen except livers",AA0010,N/A,11_milling_products_malt_starches_inulin_wheat_glute,50,piece,5726.191344,1
https://globalbloodbanking.ml/ware/public/images/product/zummXD2dvAtI.png,"Peaches, nectarines, fresh",AA0274,N/A,11_milling_products_malt_starches_inulin_wheat_glute,50,piece,13183.15341,1
https://globalbloodbanking.ml/ware/public/images/product/zummXD2dvAtI.png,"Bovine cuts bone in, fresh or chilled",AA0021,N/A,11_milling_products_malt_starches_inulin_wheat_glute,50,piece,8205.573162,1
https://globalbloodbanking.ml/ware/public/images/product/zummXD2dvAtI.png,"Chestnuts, fresh or dried",AA0285,N/A,11_milling_products_malt_starches_inulin_wheat_glute,50,piece,2281.699629,1
https://globalbloodbanking.ml/ware/public/images/product/zummXD2dvAtI.png,"Ducks, geese and guinea fowls, domestic, whole, froze",AA0032,N/A,11_milling_products_malt_starches_inulin_wheat_glute,50,piece,5460.355179,1
https://globalbloodbanking.ml/ware/public/images/product/zummXD2dvAtI.png,"Black, white or red currants and gooseberries, fresh",AA0296,N/A,11_milling_products_malt_starches_inulin_wheat_glute,50,piece,5577.487982,1
https://globalbloodbanking.ml/ware/public/images/product/zummXD2dvAtI.png,"Bovine carcasses and half carcasses, frozen",AA0043,N/A,11_milling_products_malt_starches_inulin_wheat_glute,50,piece,2991.975441,1
https://globalbloodbanking.ml/ware/public/images/product/zummXD2dvAtI.png,"Tea, black (fermented or partly) in packages &gt; 3 kg",AA0307,N/A,11_milling_products_malt_starches_inulin_wheat_glute,50,piece,8809.89579,1
https://globalbloodbanking.ml/ware/public/images/product/zummXD2dvAtI.png,"Fish live, except trout, eel or carp",AA0054,N/A,11_milling_products_malt_starches_inulin_wheat_glute,50,piece,1808.452033,1
https://globalbloodbanking.ml/ware/public/images/product/zummXD2dvAtI.png,Cinnamon and cinnamon-tree flowers crushed or ground,AA0318,N/A,11_milling_products_malt_starches_inulin_wheat_glute,50,piece,6718.337797,1
https://globalbloodbanking.ml/ware/public/images/product/zummXD2dvAtI.png,"Tuna nes, fresh or chilled, whole",AA0065,N/A,11_milling_products_malt_starches_inulin_wheat_glute,50,piece,1736.113952,1
https://globalbloodbanking.ml/ware/public/images/product/zummXD2dvAtI.png,"Cloves (whole fruit, cloves and stems)",AA0329,N/A,11_milling_products_malt_starches_inulin_wheat_glute,50,piece,10331.02888,1
https://globalbloodbanking.ml/ware/public/images/product/zummXD2dvAtI.png,"Flatfish except halibut, plaice or sole, frozen, whol",AA0076,N/A,11_milling_products_malt_starches_inulin_wheat_glute,50,piece,8892.587311,1
https://globalbloodbanking.ml/ware/public/images/product/zummXD2dvAtI.png,Cereals unmilled nes,AA0340,N/A,11_milling_products_malt_starches_inulin_wheat_glute,50,piece,1553.44401,1
https://globalbloodbanking.ml/ware/public/images/product/zummXD2dvAtI.png,"Plaice, fresh or chilled, whole",AA0087,N/A,11_milling_products_malt_starches_inulin_wheat_glute,50,piece,888.7726702,1
https://globalbloodbanking.ml/ware/public/images/product/zummXD2dvAtI.png,Maize (corn) starch,AA0351,N/A,11_milling_products_malt_starches_inulin_wheat_glute,50,piece,7806.05615,1
https://globalbloodbanking.ml/ware/public/images/product/zummXD2dvAtI.png,"Fish fillets, frozen",AA0098,N/A,11_milling_products_malt_starches_inulin_wheat_glute,50,piece,3885.206244,1
https://globalbloodbanking.ml/ware/public/images/product/zummXD2dvAtI.png,"Flour, meal, powder of fruit/nut, citrus or melon pee",AA0362,N/A,11_milling_products_malt_starches_inulin_wheat_glute,50,piece,15495.604,1
https://globalbloodbanking.ml/ware/public/images/product/zummXD2dvAtI.png,"Salmonidae, nes,frozen, whole",AA0109,N/A,11_milling_products_malt_starches_inulin_wheat_glute,50,piece,3199.581613,1
https://globalbloodbanking.ml/ware/public/images/product/zummXD2dvAtI.png,"Barley, hulled, pearled, sliced or kibbled",AA0373,N/A,11_milling_products_malt_starches_inulin_wheat_glute,50,piece,906.1756725,1
https://globalbloodbanking.ml/ware/public/images/product/zummXD2dvAtI.png,"Livers and roes, dried, smoked, salted or in brine",AA0120,N/A,11_milling_products_malt_starches_inulin_wheat_glute,50,piece,4837.121229,1
https://globalbloodbanking.ml/ware/public/images/product/zummXD2dvAtI.png,"Seed, fruits and spores for sowing, nes",AA0384,N/A,11_milling_products_malt_starches_inulin_wheat_glute,50,piece,1922.936041,1
https://globalbloodbanking.ml/ware/public/images/product/zummXD2dvAtI.png,"Salmon, smoked, including fillets",AA0131,N/A,11_milling_products_malt_starches_inulin_wheat_glute,50,piece,5121.657772,1
https://globalbloodbanking.ml/ware/public/images/product/zummXD2dvAtI.png,"Locust beans, locust seeds",AA0395,N/A,11_milling_products_malt_starches_inulin_wheat_glute,50,piece,4132.877462,1
https://globalbloodbanking.ml/ware/public/images/product/zummXD2dvAtI.png,Yogurt,AA0142,N/A,11_milling_products_malt_starches_inulin_wheat_glute,50,piece,3556.706786,1
https://globalbloodbanking.ml/ware/public/images/product/zummXD2dvAtI.png,Ground-nuts in shell not roasted or cooked,AA0406,N/A,11_milling_products_malt_starches_inulin_wheat_glute,50,piece,382.673839,1
https://globalbloodbanking.ml/ware/public/images/product/zummXD2dvAtI.png,Milk not concentrated nor sweetened &lt; 1% fat,AA0153,N/A,11_milling_products_malt_starches_inulin_wheat_glute,50,piece,1422.682714,1
https://globalbloodbanking.ml/ware/public/images/product/zummXD2dvAtI.png,"Seed, flower, for sowing",AA0417,N/A,11_milling_products_malt_starches_inulin_wheat_glute,50,piece,4075.476386,1
https://globalbloodbanking.ml/ware/public/images/product/zummXD2dvAtI.png,Feathers and down used for stuffing,AA0164,N/A,11_milling_products_malt_starches_inulin_wheat_glute,50,piece,27315.50812,1
https://globalbloodbanking.ml/ware/public/images/product/zummXD2dvAtI.png,"Feathers, down, etc. of birds, except for stuffing",AA0175,N/A,11_milling_products_malt_starches_inulin_wheat_glute,50,piece,1012.926961,1
https://globalbloodbanking.ml/ware/public/images/product/zummXD2dvAtI.png,"Bulbs, tubers, corms, crowns and rhizomes, dormant",AA0186,N/A,11_milling_products_malt_starches_inulin_wheat_glute,50,piece,583.4459296,1
https://globalbloodbanking.ml/ware/public/images/product/zummXD2dvAtI.png,"Beans dried, shelled, nes",AA0197,N/A,11_milling_products_malt_starches_inulin_wheat_glute,50,piece,20770.25497,1
https://globalbloodbanking.ml/ware/public/images/product/zummXD2dvAtI.png,"Onions, dried, not further prepared",AA0208,N/A,11_milling_products_malt_starches_inulin_wheat_glute,50,piece,26030.25461,1
https://globalbloodbanking.ml/ware/public/images/product/zummXD2dvAtI.png,"Beetroot,salsify,celeriac,radishes etc. fresh, chille",AA0219,N/A,11_milling_products_malt_starches_inulin_wheat_glute,50,piece,16273.45509,1
https://globalbloodbanking.ml/ware/public/images/product/zummXD2dvAtI.png,"Leeks &amp; other alliaceous vegetables, fresh or chilled",AA0230,N/A,11_milling_products_malt_starches_inulin_wheat_glute,50,piece,12958.49202,1
https://globalbloodbanking.ml/ware/public/images/product/zummXD2dvAtI.png,"Brussels sprouts, fresh or chilled",AA0241,N/A,11_milling_products_malt_starches_inulin_wheat_glute,50,piece,4949.84259,1
https://globalbloodbanking.ml/ware/public/images/product/zummXD2dvAtI.png,"Fruits, fresh nes",AA0252,N/A,11_milling_products_malt_starches_inulin_wheat_glute,50,piece,1808.161677,1
https://globalbloodbanking.ml/ware/public/images/product/zummXD2dvAtI.png,"Grapes, dried",AA0264,N/A,12_oil_seed_oleagic_fruits_grain_seed_fruit_etc_ne,50,piece,16574.81537,1
https://globalbloodbanking.ml/ware/public/images/product/zummXD2dvAtI.png,"Meat and edible meat offal cured, flours, meals nes",AA0011,N/A,12_oil_seed_oleagic_fruits_grain_seed_fruit_etc_ne,50,piece,5153.572209,1
https://globalbloodbanking.ml/ware/public/images/product/zummXD2dvAtI.png,"Mixtures of edible nuts, dried and preserved fruits",AA0275,N/A,12_oil_seed_oleagic_fruits_grain_seed_fruit_etc_ne,50,piece,633.8054525,1
https://globalbloodbanking.ml/ware/public/images/product/zummXD2dvAtI.png,"Sheep cuts, bone in, fresh or chilled",AA0022,N/A,12_oil_seed_oleagic_fruits_grain_seed_fruit_etc_ne,50,piece,2538.414719,1
https://globalbloodbanking.ml/ware/public/images/product/zummXD2dvAtI.png,"Melons (including watermelons), fresh",AA0286,N/A,12_oil_seed_oleagic_fruits_grain_seed_fruit_etc_ne,50,piece,4563.399258,1
https://globalbloodbanking.ml/ware/public/images/product/zummXD2dvAtI.png,"Hams, shoulders and cuts, of swine, bone in, frozen",AA0033,N/A,12_oil_seed_oleagic_fruits_grain_seed_fruit_etc_ne,50,piece,972.3920182,1
https://globalbloodbanking.ml/ware/public/images/product/zummXD2dvAtI.png,Strawberries provisionally preserved,AA0297,N/A,12_oil_seed_oleagic_fruits_grain_seed_fruit_etc_ne,50,piece,3676.071625,1
https://globalbloodbanking.ml/ware/public/images/product/zummXD2dvAtI.png,"Sheep carcasses and half carcasses, fresh or chilled",AA0044,N/A,12_oil_seed_oleagic_fruits_grain_seed_fruit_etc_ne,50,piece,1645.586492,1
https://globalbloodbanking.ml/ware/public/images/product/zummXD2dvAtI.png,"Capsicum or Pimenta, dried, crushed or ground",AA0308,N/A,12_oil_seed_oleagic_fruits_grain_seed_fruit_etc_ne,50,piece,1014.088724,1
https://globalbloodbanking.ml/ware/public/images/product/zummXD2dvAtI.png,"Trout, fresh or chilled, whole",AA0055,N/A,12_oil_seed_oleagic_fruits_grain_seed_fruit_etc_ne,50,piece,6365.751157,1
https://globalbloodbanking.ml/ware/public/images/product/zummXD2dvAtI.png,Turmeric (curcuma),AA0319,N/A,12_oil_seed_oleagic_fruits_grain_seed_fruit_etc_ne,50,piece,1774.655267,1
https://globalbloodbanking.ml/ware/public/images/product/zummXD2dvAtI.png,"Haddock, fresh or chilled, whole",AA0066,N/A,12_oil_seed_oleagic_fruits_grain_seed_fruit_etc_ne,50,piece,6944.455808,1
https://globalbloodbanking.ml/ware/public/images/product/zummXD2dvAtI.png,Cinnamon and cinnamon-tree flowers whole,AA0330,N/A,12_oil_seed_oleagic_fruits_grain_seed_fruit_etc_ne,50,piece,10140.88724,1
https://globalbloodbanking.ml/ware/public/images/product/zummXD2dvAtI.png,"Crustaceans nes, frozen,",AA0077,N/A,12_oil_seed_oleagic_fruits_grain_seed_fruit_etc_ne,50,piece,508.1478463,1
https://globalbloodbanking.ml/ware/public/images/product/zummXD2dvAtI.png,Durum wheat,AA0341,N/A,12_oil_seed_oleagic_fruits_grain_seed_fruit_etc_ne,50,piece,1398.099609,1
https://globalbloodbanking.ml/ware/public/images/product/zummXD2dvAtI.png,"Eels, fresh or chilled, whole",AA0088,N/A,12_oil_seed_oleagic_fruits_grain_seed_fruit_etc_ne,50,piece,5256.455506,1
https://globalbloodbanking.ml/ware/public/images/product/zummXD2dvAtI.png,Potato flour or meal,AA0352,N/A,12_oil_seed_oleagic_fruits_grain_seed_fruit_etc_ne,50,piece,21489.30881,1
https://globalbloodbanking.ml/ware/public/images/product/zummXD2dvAtI.png,"Rock lobster and other sea crawfish, frozen",AA0099,N/A,12_oil_seed_oleagic_fruits_grain_seed_fruit_etc_ne,50,piece,4316.895827,1
https://globalbloodbanking.ml/ware/public/images/product/zummXD2dvAtI.png,Wheat meal,AA0363,N/A,12_oil_seed_oleagic_fruits_grain_seed_fruit_etc_ne,50,piece,17217.33778,1
https://globalbloodbanking.ml/ware/public/images/product/zummXD2dvAtI.png,"Mussels, frozen, dried, salted or in brine",AA0110,N/A,12_oil_seed_oleagic_fruits_grain_seed_fruit_etc_ne,50,piece,2031.480389,1
https://globalbloodbanking.ml/ware/public/images/product/zummXD2dvAtI.png,Rice flour,AA0374,N/A,12_oil_seed_oleagic_fruits_grain_seed_fruit_etc_ne,50,piece,2181.240883,1
https://globalbloodbanking.ml/ware/public/images/product/zummXD2dvAtI.png,"Tuna(albacore,longfin) fresh or chilled, whole",AA0121,N/A,12_oil_seed_oleagic_fruits_grain_seed_fruit_etc_ne,50,piece,23189.72825,1
https://globalbloodbanking.ml/ware/public/images/product/zummXD2dvAtI.png,"Seed, forage plants, for sowing nes",AA0385,N/A,12_oil_seed_oleagic_fruits_grain_seed_fruit_etc_ne,50,piece,2136.595601,1
https://globalbloodbanking.ml/ware/public/images/product/zummXD2dvAtI.png,"Herrings, smoked, including fillets",AA0132,N/A,12_oil_seed_oleagic_fruits_grain_seed_fruit_etc_ne,50,piece,15364.97332,1
https://globalbloodbanking.ml/ware/public/images/product/zummXD2dvAtI.png,Sunflower seeds,AA0396,N/A,12_oil_seed_oleagic_fruits_grain_seed_fruit_etc_ne,50,piece,1753.921762,1
https://globalbloodbanking.ml/ware/public/images/product/zummXD2dvAtI.png,"Buttermilk, curdled milk, cream, kephir, etc.",AA0143,N/A,12_oil_seed_oleagic_fruits_grain_seed_fruit_etc_ne,50,piece,17072.19257,1
https://globalbloodbanking.ml/ware/public/images/product/zummXD2dvAtI.png,"Apricot, peach and plum stones &amp; kernels, human food",AA0407,N/A,12_oil_seed_oleagic_fruits_grain_seed_fruit_etc_ne,50,piece,114.8021517,1
https://globalbloodbanking.ml/ware/public/images/product/zummXD2dvAtI.png,"Birds eggs, in shell, fresh, preserved or cooked",AA0154,N/A,12_oil_seed_oleagic_fruits_grain_seed_fruit_etc_ne,50,piece,3129.901972,1
https://globalbloodbanking.ml/ware/public/images/product/zummXD2dvAtI.png,Poppy seeds,AA0418,N/A,12_oil_seed_oleagic_fruits_grain_seed_fruit_etc_ne,50,piece,4528.307095,1
https://globalbloodbanking.ml/ware/public/images/product/zummXD2dvAtI.png,"Guts, bladders and stomachs of animals except fish",AA0165,N/A,12_oil_seed_oleagic_fruits_grain_seed_fruit_etc_ne,50,piece,2276.292343,1
https://globalbloodbanking.ml/ware/public/images/product/zummXD2dvAtI.png,"Horsehair, waste",AA0176,N/A,12_oil_seed_oleagic_fruits_grain_seed_fruit_etc_ne,50,piece,283.6195491,1
https://globalbloodbanking.ml/ware/public/images/product/zummXD2dvAtI.png,"Trees, edible fruit or nut, shrubs and bushes",AA0187,N/A,12_oil_seed_oleagic_fruits_grain_seed_fruit_etc_ne,50,piece,3930.156609,1
https://globalbloodbanking.ml/ware/public/images/product/zummXD2dvAtI.png,"Vegetables, frozen nes, uncooked steamed or boiled",AA0198,N/A,12_oil_seed_oleagic_fruits_grain_seed_fruit_etc_ne,50,piece,16184.61426,1
https://globalbloodbanking.ml/ware/public/images/product/zummXD2dvAtI.png,"Mushrooms and truffles, dried, not further prepared",AA0209,N/A,12_oil_seed_oleagic_fruits_grain_seed_fruit_etc_ne,50,piece,9441.024988,1
https://globalbloodbanking.ml/ware/public/images/product/zummXD2dvAtI.png,"Truffles, fresh or chilled",AA0220,N/A,12_oil_seed_oleagic_fruits_grain_seed_fruit_etc_ne,50,piece,527.3804891,1
https://globalbloodbanking.ml/ware/public/images/product/zummXD2dvAtI.png,"Globe artichokes, fresh or chilled",AA0231,N/A,12_oil_seed_oleagic_fruits_grain_seed_fruit_etc_ne,50,piece,271.2242515,1
https://globalbloodbanking.ml/ware/public/images/product/zummXD2dvAtI.png,"Peas dried, shelled",AA0242,N/A,12_oil_seed_oleagic_fruits_grain_seed_fruit_etc_ne,50,piece,14713.91564,1
https://globalbloodbanking.ml/ware/public/images/product/zummXD2dvAtI.png,"Rasp-, mul-berries, etc (uncooked, steam, boil),froze",AA0253,N/A,12_oil_seed_oleagic_fruits_grain_seed_fruit_etc_ne,50,piece,2915.660704,1
