name,phone,email,address
Albania,2121,,narayanganj
Algeria,2121,,narayanganj
Andorra,2121,,narayanganj
Anguilla,2121,,narayanganj
Antigua and Barbuda,2121,,narayanganj
Argentina,2121,,narayanganj
Armenia,2121,,narayanganj
Aruba,2121,,narayanganj
Australia,2121,,narayanganj
Austria,2121,,narayanganj
Azerbaijan,2121,,narayanganj
Bahamas,2121,,narayanganj
Bahrain,2121,,narayanganj
Bangladesh,2121,,narayanganj
Barbados,2121,,narayanganj
Belarus,2121,,narayanganj
Belgium,2121,,narayanganj
Belize,2121,,narayanganj
Benin,2121,,narayanganj
Bermuda,2121,,narayanganj
Botswana,2121,,narayanganj
Brazil,2121,,narayanganj
Bulgaria,2121,,narayanganj
Burkina Faso,2121,,narayanganj
Burundi,2121,,narayanganj
Cambodia,2121,,narayanganj
Cameroon,2121,,narayanganj
Canada,2121,,narayanganj
Chile,2121,,narayanganj
China,2121,,narayanganj
Colombia,2121,,narayanganj
Costa Rica,2121,,narayanganj
Croatia,2121,,narayanganj
Cuba,2121,,narayanganj
Cyprus,2121,,narayanganj
Denmark,2121,,narayanganj
Dominica,2121,,narayanganj
Ecuador,2121,,narayanganj
Egypt,2121,,narayanganj
El Salvador,2121,,narayanganj
Estonia,2121,,narayanganj
Ethiopia,2121,,narayanganj
Fiji,2121,,narayanganj
Finland,2121,,narayanganj
France,2121,,narayanganj
French Polynesia,2121,,narayanganj
Gabon,2121,,narayanganj
Gambia,2121,,narayanganj
Georgia,2121,,narayanganj
Germany,2121,,narayanganj
Ghana,2121,,narayanganj
Greece,2121,,narayanganj
Greenland,2121,,narayanganj
Grenada,2121,,narayanganj
Guadeloupe,2121,,narayanganj
Guatemala,2121,,narayanganj
Guinea,2121,,narayanganj
Guyana,2121,,narayanganj
Honduras,2121,,narayanganj
Hungary,2121,,narayanganj
Iceland,2121,,narayanganj
Indonesia,2121,,narayanganj
Iran,2121,,narayanganj
Iraq,2121,,narayanganj
Ireland,2121,,narayanganj
Israel,2121,,narayanganj
Italy,2121,,narayanganj
Jamaica,2121,,narayanganj
Japan,2121,,narayanganj
Jordan,2121,,narayanganj
Kazakhstan,2121,,narayanganj
Kenya,2121,,narayanganj
Kuwait,2121,,narayanganj
Kyrgyzstan,2121,,narayanganj
Latvia,2121,,narayanganj
Angola,2121,,narayanganj
Bhutan,2121,,narayanganj
Comoros,2121,,narayanganj
Eritrea,2121,,narayanganj
Djibouti,2121,,narayanganj
French Guiana,2121,,narayanganj
Guinea-Bissau,2121,,narayanganj
Haiti,2121,,narayanganj
Lebanon,2121,,narayanganj
Lesotho,2121,,narayanganj
Lithuania,2121,,narayanganj
Luxembourg,2121,,narayanganj
Madagascar,2121,,narayanganj
Malawi,2121,,narayanganj
Malaysia,2121,,narayanganj
Maldives,2121,,narayanganj
Mali,2121,,narayanganj
Malta,2121,,narayanganj
Martinique,2121,,narayanganj
Mauritius,2121,,narayanganj
Mayotte,2121,,narayanganj
Mexico,2121,,narayanganj
Mongolia,2121,,narayanganj
Montenegro,2121,,narayanganj
Montserrat,2121,,narayanganj
Morocco,2121,,narayanganj
Mozambique,2121,,narayanganj
Namibia,2121,,narayanganj
Nepal,2121,,narayanganj
Netherlands,2121,,narayanganj
New Caledonia,2121,,narayanganj
New Zealand,2121,,narayanganj
Nicaragua,2121,,narayanganj
Niger,2121,,narayanganj
Nigeria,2121,,narayanganj
Norway,2121,,narayanganj
Oman,2121,,narayanganj
Pakistan,2121,,narayanganj
Palau,2121,,narayanganj
Panama,2121,,narayanganj
Papua New Guinea,2121,,narayanganj
Paraguay,2121,,narayanganj
Peru,2121,,narayanganj
Philippines,2121,,narayanganj
Poland,2121,,narayanganj
Portugal,2121,,narayanganj
Qatar,2121,,narayanganj
Romania,2121,,narayanganj
Rwanda,2121,,narayanganj
Saint Kitts and Nevis,2121,,narayanganj
Saint Lucia,2121,,narayanganj
Saint Vincent and the Grenadines,2121,,narayanganj
Samoa,2121,,narayanganj
Saudi Arabia,2121,,narayanganj
Senegal,2121,,narayanganj
Serbia,2121,,narayanganj
Seychelles,2121,,narayanganj
Sierra Leone,2121,,narayanganj
Singapore,2121,,narayanganj
Slovakia,2121,,narayanganj
Slovenia,2121,,narayanganj
South Africa,2121,,narayanganj
Spain,2121,,narayanganj
Sri Lanka,2121,,narayanganj
Sudan,2121,,narayanganj
Suriname,2121,,narayanganj
Swaziland,2121,,narayanganj
Sweden,2121,,narayanganj
Switzerland,2121,,narayanganj
Syria,2121,,narayanganj
Thailand,2121,,narayanganj
Timor-Leste,2121,,narayanganj
Togo,2121,,narayanganj
Tonga,2121,,narayanganj
Trinidad and Tobago,2121,,narayanganj
Tunisia,2121,,narayanganj
Turkey,2121,,narayanganj
Uganda,2121,,narayanganj
Ukraine,2121,,narayanganj
United Arab Emirates,2121,,narayanganj
United Kingdom,2121,,narayanganj
Uruguay,2121,,narayanganj
Vanuatu,2121,,narayanganj
Venezuela,2121,,narayanganj
Yemen,2121,,narayanganj
Zambia,2121,,narayanganj
Zimbabwe,2121,,narayanganj
Afghanistan,2121,,narayanganj
Kiribati,2121,,narayanganj
Mauritania,2121,,narayanganj
Libya,2121,,narayanganj
